dataset,study,arch_str,target_dim,layer,N,n_seeds,H_Y_bits,rho,num_regions,singleton_region_frac,singleton_sample_frac,plug_in_mean,plug_in_std,miller_madow_mean,miller_madow_std,grassberger_mean,grassberger_std,chao_shen_mean,chao_shen_std,chao_wang_jost_mean,chao_wang_jost_std,ansb_mean,ansb_std,miller_madow_correction,grassberger_correction,chao_shen_correction,chao_wang_jost_correction,ansb_correction
composite,calibration,"[25, 25, 25, 25, 25]",-1,1,2000,5,2.63892,0.0676,135.2,0.174982,0.0118,2.07922,0.105236,1.7888,0.0913175,2.05542,0.0955367,2.05895,0.100426,2.05646,0.105569,10.7654,0.00418345,0.290415,0.0237985,0.0202678,0.0227539,-8.68616
composite,calibration,"[25, 25, 25, 25, 25]",-1,2,2000,5,2.63892,0.1622,324.4,0.322917,0.0525,2.39658,0.055184,1.69673,0.00974977,2.3741,0.0595896,2.38262,0.0558127,2.37553,0.0568555,10.7698,0.00386465,0.699851,0.0224811,0.0139568,0.0210433,-8.37324
composite,calibration,"[25, 25, 25, 25, 25]",-1,3,2000,5,2.63892,0.2503,500.6,0.401665,0.101,2.53082,0.0247709,1.44967,0.0677295,2.51212,0.0247648,2.52123,0.0263046,2.51201,0.0258111,10.7774,0.00458924,1.08116,0.0187084,0.00959653,0.0188126,-8.24655
composite,calibration,"[25, 25, 25, 25, 25]",-1,4,2000,5,2.63892,0.3276,655.2,0.476029,0.1563,2.5963,0.0232882,1.18058,0.0685225,2.58663,0.0244685,2.59063,0.0245311,2.58302,0.0254154,10.7876,0.0050807,1.41572,0.00967537,0.00567406,0.0132795,-8.19134
composite,calibration,"[25, 25, 25, 25, 25]",-1,5,2000,5,2.63892,0.4111,822.2,0.539746,0.2223,2.62046,0.00809448,0.843344,0.101718,2.61507,0.00909735,2.61416,0.0116597,2.61156,0.0100694,10.7924,0.00360496,1.77711,0.00538488,0.0062933,0.00889392,-8.17199
composite,calibration,"[25, 25, 25]",-1,1,2000,5,2.63892,0.0653,130.6,0.183041,0.012,1.96533,0.0423688,1.68487,0.0548227,1.94267,0.0453101,1.94852,0.0416304,1.94143,0.0432938,10.7612,0.00454721,0.28046,0.0226553,0.0168074,0.0239002,-8.79583
composite,calibration,"[25, 25, 25]",-1,2,2000,5,2.63892,0.174,348,0.30689,0.0535,2.37908,0.0314584,1.62816,0.0249864,2.36253,0.024121,2.36436,0.0306835,2.35813,0.031976,10.7668,0.00322582,0.750923,0.0165531,0.0147227,0.0209575,-8.38773
composite,calibration,"[25, 25, 25]",-1,3,2000,5,2.63892,0.3037,607.4,0.437805,0.1332,2.53532,0.0315188,1.22304,0.0367346,2.5222,0.0296154,2.52291,0.035186,2.51952,0.0313155,10.7759,0.00555846,1.31228,0.0131138,0.0124011,0.015799,-8.24059
composite,calibration,"[5, 5, 5, 5, 5]",-1,1,2000,5,2.63892,0.0057,11.4,0.0725275,0.0004,1.11284,0.144454,1.09033,0.14387,1.10095,0.144083,1.10994,0.144843,1.10726,0.145089,10.7902,0.00313554,0.022506,0.0118856,0.00289613,0.0055815,-9.6774
composite,calibration,"[5, 5, 5, 5, 5]",-1,2,2000,5,2.63892,0.0154,30.8,0.0643208,0.0012,1.61688,0.234479,1.5524,0.211057,1.60228,0.23206,1.60926,0.232238,1.60689,0.233267,10.7825,0.00548919,0.0644885,0.0146043,0.00762776,0.00999057,-9.16563
composite,calibration,"[5, 5, 5, 5, 5]",-1,3,2000,5,2.63892,0.0274,54.8,0.0750139,0.0026,1.91511,0.259724,1.79869,0.21342,1.8992,0.257192,1.90351,0.257152,1.90418,0.259373,10.7804,0.00762349,0.116425,0.0159108,0.0116037,0.0109346,-8.86529
composite,calibration,"[5, 5, 5, 5, 5]",-1,4,2000,5,2.63892,0.0399,79.8,0.106139,0.0051,2.10944,0.261984,1.93892,0.190548,2.09574,0.262249,2.09645,0.259872,2.0988,0.262798,10.7817,0.00747957,0.170527,0.0137075,0.0129978,0.0106397,-8.67221
composite,calibration,"[5, 5, 5, 5, 5]",-1,5,2000,5,2.63892,0.0541,108.2,0.138449,0.0091,2.26053,0.226203,2.02854,0.153291,2.24817,0.226188,2.2453,0.224495,2.25018,0.228465,10.7823,0.00672493,0.231985,0.0123582,0.0152312,0.0103497,-8.52176
composite,calibration,"[5, 5, 5]",-1,1,2000,5,2.63892,0.0055,11,0.0870707,0.0005,1.00813,0.100067,0.986494,0.102347,1.00104,0.0998054,1.00722,0.100217,1.00252,0.1011,10.7886,0.00357931,0.0216404,0.00709948,0.00091579,0.00561001,-9.78049
composite,calibration,"[5, 5, 5]",-1,2,2000,5,2.63892,0.0158,31.6,0.0796754,0.0013,1.5682,0.201719,1.50198,0.195369,1.55767,0.198544,1.56466,0.197194,1.56121,0.201033,10.7858,0.00619637,0.0662197,0.0105278,0.00353758,0.00699581,-9.21756
composite,calibration,"[5, 5, 5]",-1,3,2000,5,2.63892,0.0296,59.2,0.123334,0.0039,1.94853,0.112148,1.82259,0.107866,1.94142,0.111378,1.94313,0.110152,1.94211,0.111211,10.7847,0.00498429,0.125947,0.00711613,0.00540306,0.00642275,-8.83621
composite,calibration,"[9, 9, 9, 9, 9]",-1,1,2000,5,2.63892,0.0156,31.2,0.0790635,0.0012,1.55847,0.0542351,1.49311,0.0519059,1.54516,0.054297,1.55123,0.0544491,1.54618,0.054778,10.7803,0.00140414,0.0653541,0.0133081,0.00724027,0.0122826,-9.22184
composite,calibration,"[9, 9, 9, 9, 9]",-1,2,2000,5,2.63892,0.0436,87.2,0.122803,0.0051,2.02738,0.154694,1.84084,0.122998,2.01169,0.151689,2.01734,0.152526,2.01316,0.153555,10.7762,0.00341956,0.18654,0.0156809,0.0100364,0.0142108,-8.74884
composite,calibration,"[9, 9, 9, 9, 9]",-1,3,2000,5,2.63892,0.0753,150.6,0.179955,0.0137,2.267,0.195169,1.94326,0.1172,2.25059,0.19631,2.25294,0.194499,2.25203,0.198124,10.7771,0.00606018,0.323741,0.0164139,0.0140588,0.0149705,-8.51009
composite,calibration,"[9, 9, 9, 9, 9]",-1,4,2000,5,2.63892,0.1076,215.2,0.226886,0.0252,2.43575,0.162499,1.97221,0.062686,2.42447,0.167147,2.42324,0.164433,2.42317,0.168037,10.7831,0.00971898,0.463538,0.0112801,0.0125108,0.0125778,-8.34737
composite,calibration,"[9, 9, 9, 9, 9]",-1,5,2000,5,2.63892,0.1471,294.2,0.291437,0.0441,2.55025,0.0773304,1.91576,0.073502,2.53883,0.0780795,2.53914,0.0821601,2.53888,0.0811531,10.7878,0.00823741,0.634497,0.0114223,0.0111101,0.011372,-8.23751
composite,calibration,"[9, 9, 9]",-1,1,2000,5,2.63892,0.0127,25.4,0.0382049,0.0005,1.46487,0.169201,1.41206,0.163258,1.44985,0.167189,1.45748,0.166649,1.45429,0.168846,10.7804,0.00338389,0.0528026,0.0150192,0.00738927,0.0105799,-9.3155
composite,calibration,"[9, 9, 9]",-1,2,2000,5,2.63892,0.0349,69.8,0.080738,0.0031,1.94638,0.199214,1.79749,0.168517,1.92965,0.193358,1.9325,0.199283,1.93119,0.199976,10.7749,0.00495613,0.148886,0.0167317,0.0138798,0.0151867,-8.82855
composite,calibration,"[9, 9, 9]",-1,3,2000,5,2.63892,0.0642,128.4,0.132738,0.0086,2.18786,0.168382,1.91217,0.135409,2.16846,0.171205,2.17628,0.169855,2.17246,0.170937,10.7758,0.0073792,0.275699,0.0194012,0.0115822,0.0154079,-8.58791
mnist,capacity,"[15, 15, 15]",2,1,10000,5,3.31942,0.00712,71.2,0.0513455,0.00036,1.33533,0.0368262,1.28975,0.0357894,1.30798,0.0353901,1.30148,0.034765,1.30674,0.0353089,13.0754,0.0046252,0.0455747,0.027343,0.0338431,0.0285854,-11.74
mnist,capacity,"[15, 15, 15]",2,2,10000,5,3.31942,0.02272,227.2,0.117811,0.00268,1.47932,0.00987713,1.33247,0.013176,1.41827,0.005851,1.40513,0.0125776,1.41046,0.00700784,13.0212,0.0129542,0.146852,0.0610534,0.0741946,0.0688605,-11.5419
mnist,capacity,"[15, 15, 15]",2,3,10000,5,3.31942,0.04884,488.4,0.155616,0.00764,1.59864,0.0290062,1.28221,0.01758,1.49382,0.0157104,1.48936,0.0128931,1.46995,0.0114908,12.9455,0.0248828,0.316426,0.104813,0.109278,0.128684,-11.3468
mnist,capacity,"[15, 15, 15]",3,1,10000,5,3.31942,0.01958,195.8,0.13723,0.00264,1.45996,0.0677781,1.33349,0.0527858,1.40871,0.0606665,1.38978,0.0587357,1.39974,0.058181,13.0351,0.020485,0.126467,0.0512416,0.0701792,0.0602193,-11.5751
mnist,capacity,"[15, 15, 15]",3,2,10000,5,3.31942,0.0886,886,0.257924,0.02312,1.82878,0.0813966,1.25423,0.0328248,1.68102,0.0591724,1.69377,0.0748349,1.63654,0.0485907,12.8851,0.0347236,0.574553,0.147759,0.135009,0.192247,-11.0563
mnist,capacity,"[15, 15, 15]",3,3,10000,5,3.31942,0.19538,1953.8,0.372637,0.07312,2.11623,0.0687555,0.848444,0.0903437,1.87866,0.0473617,1.97523,0.0536488,1.77376,0.0314302,12.7368,0.0383141,1.26778,0.237563,0.140992,0.342471,-10.6206
mnist,capacity,"[15, 15, 15]",4,1,10000,5,3.31942,0.0323,323,0.209175,0.0068,1.7021,0.0626796,1.49305,0.040184,1.64312,0.0580972,1.63067,0.0579238,1.63225,0.0572996,13.0317,0.0145032,0.209047,0.0589762,0.0714233,0.0698464,-11.3296
mnist,capacity,"[15, 15, 15]",4,2,10000,5,3.31942,0.15446,1544.6,0.390873,0.0608,2.21743,0.069685,1.2153,0.0720419,2.06994,0.0585423,2.11737,0.0665389,2.0106,0.0492602,12.8857,0.0219783,1.00212,0.14749,0.10006,0.206826,-10.6682
mnist,capacity,"[15, 15, 15]",4,3,10000,5,3.31942,0.34204,3420.4,0.540736,0.18532,2.60994,0.0417318,0.390018,0.126001,2.39767,0.0406762,2.43579,0.0349493,2.24999,0.0239054,12.7458,0.0130027,2.21992,0.212264,0.174148,0.359945,-10.1359
mnist,capacity,"[15, 15, 15]",5,1,10000,5,3.31942,0.04598,459.8,0.232054,0.01068,1.85134,0.0740524,1.55349,0.0609171,1.78648,0.0741458,1.77577,0.0723042,1.77491,0.0712149,13.0182,0.00863257,0.297859,0.0648612,0.0755759,0.0764383,-11.1668
mnist,capacity,"[15, 15, 15]",5,2,10000,5,3.31942,0.24874,2487.4,0.472836,0.11818,2.56903,0.0668457,0.954827,0.159619,2.41147,0.061078,2.48187,0.0582819,2.32745,0.0553019,12.8672,0.0246783,1.6142,0.157556,0.08716,0.241581,-10.2981
mnist,capacity,"[15, 15, 15]",5,3,10000,5,3.31942,0.51776,5177.6,0.661164,0.34286,2.97449,0.0423803,-0.386229,0.145768,2.81293,0.0478269,2.75763,0.0353656,2.63557,0.0374521,12.7934,0.0102354,3.36071,0.16156,0.216851,0.338913,-9.81889
mnist,capacity,"[15, 15, 15]",10,1,10000,5,3.31942,0.09206,920.6,0.333423,0.03086,2.08735,0.136422,1.49034,0.048744,1.99402,0.124128,2.00813,0.129358,1.96403,0.123546,12.9773,0.018582,0.597016,0.0933329,0.079226,0.123329,-10.89
mnist,capacity,"[15, 15, 15]",10,2,10000,5,3.31942,0.43996,4399.6,0.650337,0.2877,2.94088,0.0861667,0.0852555,0.266873,2.82576,0.0957468,2.83064,0.0748909,2.72844,0.0894904,12.9026,0.011313,2.85563,0.115126,0.110244,0.212441,-9.9617
mnist,capacity,"[15, 15, 15]",10,3,10000,5,3.31942,0.74258,7425.8,0.834148,0.61962,3.24469,0.0117393,-1.57559,0.112495,3.19204,0.0208582,3.09847,0.0255891,3.06456,0.0302065,12.969,0.0170134,4.82027,0.0526424,0.146218,0.180125,-9.72429
mnist,capacity,"[15, 15, 15]",15,1,10000,5,3.31942,0.11942,1194.2,0.377546,0.0457,2.20906,0.0961196,1.43442,0.110368,2.10021,0.0836806,2.13504,0.098279,2.06497,0.0719777,12.9556,0.0273,0.774641,0.108845,0.0740165,0.144087,-10.7466
mnist,capacity,"[15, 15, 15]",15,2,10000,5,3.31942,0.51154,5115.4,0.711935,0.36628,3.05613,0.0784509,-0.264205,0.382593,2.96008,0.0890974,2.93911,0.0628731,2.85325,0.0796266,12.9324,0.0126055,3.32033,0.0960478,0.117018,0.202879,-9.87622
mnist,capacity,"[15, 15, 15]",15,3,10000,5,3.31942,0.77362,7736.2,0.861948,0.66708,3.27697,0.016377,-1.74482,0.124001,3.24746,0.0230963,3.17536,0.0416933,3.15981,0.0305224,13.0223,0.0249811,5.02179,0.0295093,0.101612,0.117167,-9.74533
mnist,capacity,"[15, 15, 15]",20,1,10000,5,3.31942,0.13998,1399.8,0.37471,0.05296,2.2368,0.0748266,1.32868,0.124951,2.10715,0.0699986,2.1574,0.0738961,2.0589,0.067215,12.9209,0.0183906,0.908119,0.129651,0.0794024,0.177897,-10.6841
mnist,capacity,"[15, 15, 15]",20,2,10000,5,3.31942,0.55526,5552.6,0.728465,0.4062,3.0911,0.0443703,-0.513065,0.287861,2.9992,0.0559564,2.94283,0.037156,2.88965,0.0502865,12.92,0.0145406,3.60417,0.0919001,0.148276,0.201459,-9.82894
mnist,capacity,"[15, 15, 15]",20,3,10000,5,3.31942,0.78262,7826.2,0.869985,0.68154,3.26869,0.0212544,-1.81153,0.1992,3.23507,0.030184,3.14563,0.0475716,3.14052,0.0289438,13.0036,0.0264266,5.08022,0.0336138,0.12306,0.12817,-9.73486
mnist,capacity,"[25, 25, 25]",2,1,10000,5,3.31942,0.01882,188.2,0.0863309,0.00162,1.41258,0.0595759,1.29104,0.0621437,1.3531,0.0595901,1.33487,0.0651838,1.34644,0.0586144,13.0287,0.00730795,0.121533,0.0594744,0.0777106,0.0661403,-11.6161
mnist,capacity,"[25, 25, 25]",2,2,10000,5,3.31942,0.06284,628.4,0.172742,0.01094,1.65305,0.0140943,1.24573,0.0229387,1.51175,0.00515519,1.52288,0.00740461,1.47583,0.00842963,12.9007,0.0153,0.407316,0.141294,0.130165,0.177211,-11.2477
mnist,capacity,"[25, 25, 25]",2,3,10000,5,3.31942,0.12376,1237.6,0.247104,0.03088,1.83675,0.0548502,1.03394,0.0582315,1.61509,0.0256996,1.68322,0.0364494,1.5465,0.0143682,12.772,0.0429126,0.802817,0.22166,0.153534,0.290249,-10.9352
mnist,capacity,"[25, 25, 25]",3,1,10000,5,3.31942,0.0703,703,0.2478,0.01742,1.74346,0.0135628,1.28771,0.0182638,1.61038,0.0101169,1.61024,0.0200434,1.56855,0.0102016,12.9109,0.0112222,0.455747,0.13308,0.133217,0.17491,-11.1674
mnist,capacity,"[25, 25, 25]",3,2,10000,5,3.31942,0.24976,2497.6,0.4367,0.10932,2.25954,0.0440557,0.638712,0.0640558,1.99015,0.0362182,2.08747,0.0361072,1.82714,0.0173438,12.6763,0.017254,1.62082,0.269385,0.172063,0.432392,-10.4168
mnist,capacity,"[25, 25, 25]",3,3,10000,5,3.31942,0.45206,4520.6,0.581755,0.26344,2.61992,0.0501307,-0.314263,0.126658,2.30166,0.0521547,2.21943,0.0335648,1.9972,0.0279161,12.4867,0.0251365,2.93418,0.318259,0.400487,0.622724,-9.86678
mnist,capacity,"[25, 25, 25]",4,1,10000,5,3.31942,0.14702,1470.2,0.36681,0.05392,2.18712,0.0479742,1.2333,0.0432584,2.03325,0.0368863,2.09163,0.045374,1.97283,0.0344462,12.8853,0.0227063,0.953823,0.153869,0.0954918,0.214289,-10.6982
mnist,capacity,"[25, 25, 25]",4,2,10000,5,3.31942,0.4776,4776,0.640016,0.30572,2.7937,0.0441263,-0.306294,0.110089,2.5777,0.0413481,2.52676,0.0163333,2.36614,0.0357164,12.6904,0.0229987,3.09999,0.215997,0.266938,0.427559,-9.89667
mnist,capacity,"[25, 25, 25]",4,3,10000,5,3.31942,0.73422,7342.2,0.803481,0.59026,3.09942,0.0326013,-1.66658,0.14789,2.93707,0.0437536,2.60524,0.0401076,2.56475,0.0423682,12.6029,0.021142,4.766,0.162348,0.494172,0.534664,-9.50347
mnist,capacity,"[25, 25, 25]",5,1,10000,5,3.31942,0.23778,2377.8,0.462063,0.11006,2.53957,0.050096,0.996516,0.100323,2.37616,0.0471152,2.45805,0.0511049,2.28936,0.0453309,12.865,0.0165438,1.54305,0.163407,0.0815132,0.250203,-10.3254
mnist,capacity,"[25, 25, 25]",5,2,10000,5,3.31942,0.66138,6613.8,0.764255,0.5056,3.10481,0.0205244,-1.1883,0.0853062,2.96351,0.0327546,2.80615,0.0396399,2.71205,0.0346162,12.7764,0.0261817,4.29311,0.141298,0.298663,0.392761,-9.67159
mnist,capacity,"[25, 25, 25]",5,3,10000,5,3.31942,0.87426,8742.6,0.904129,0.79054,3.26378,0.00849338,-2.41138,0.0824901,3.20463,0.015324,2.95498,0.0303506,2.91031,0.0316086,12.8173,0.0271684,5.67516,0.0591408,0.308798,0.353465,-9.55348
mnist,capacity,"[25, 25, 25]",10,1,10000,5,3.31942,0.46612,4661.2,0.657496,0.3073,3.00179,0.0563966,-0.0236704,0.215952,2.87756,0.0665303,2.87358,0.0506457,2.75448,0.0675976,12.893,0.0130632,3.02546,0.124231,0.128207,0.24731,-9.89122
mnist,capacity,"[25, 25, 25]",10,2,10000,5,3.31942,0.87434,8743.4,0.927602,0.81116,3.30615,0.00396045,-2.36953,0.104327,3.29119,0.00784904,3.23207,0.0147089,3.1959,0.0250806,13.0552,0.0105238,5.67568,0.0149585,0.0740789,0.11025,-9.74908
mnist,capacity,"[25, 25, 25]",10,3,10000,5,3.31942,0.9536,9536,0.973055,0.92792,3.31822,0.000927911,-2.87202,0.0418352,3.31629,0.00218764,3.29827,0.0126633,3.28255,0.0179824,13.105,0.0105104,6.19024,0.00193471,0.01995,0.0356789,-9.78677
mnist,capacity,"[25, 25, 25]",15,1,10000,5,3.31942,0.54686,5468.6,0.723198,0.39606,3.04773,0.0505385,-0.501908,0.150492,2.93434,0.062377,2.87924,0.063736,2.79619,0.0656433,12.8817,0.0283043,3.54964,0.113385,0.168485,0.251537,-9.83393
mnist,capacity,"[25, 25, 25]",15,2,10000,5,3.31942,0.89928,8992.8,0.941667,0.84702,3.30959,0.00771295,-2.528,0.159379,3.29956,0.0136661,3.24929,0.0335129,3.21868,0.0474267,13.0676,0.0237664,5.83759,0.0100345,0.0603004,0.0909109,-9.75796
mnist,capacity,"[25, 25, 25]",15,3,10000,5,3.31942,0.96502,9650.2,0.978298,0.94412,3.31884,0.000354284,-2.94555,0.0762972,3.31827,0.000532879,3.31002,0.00597082,3.3094,0.00613915,13.1132,0.00566192,6.26438,0.000563043,0.00881259,0.00943972,-9.79441
mnist,capacity,"[25, 25, 25]",20,1,10000,5,3.31942,0.63328,6332.8,0.772592,0.4908,3.14011,0.0582047,-0.970579,0.343005,3.04619,0.0712123,2.96301,0.0539646,2.89042,0.0508341,12.9046,0.0161608,4.11069,0.0939119,0.177095,0.249683,-9.76448
mnist,capacity,"[25, 25, 25]",20,2,10000,5,3.31942,0.92146,9214.6,0.948603,0.87426,3.31262,0.00263077,-2.66897,0.125456,3.30472,0.005333,3.25479,0.0173464,3.23566,0.0238068,13.0682,0.0143417,5.98159,0.00789768,0.0578284,0.076955,-9.7556
mnist,capacity,"[25, 25, 25]",20,3,10000,5,3.31942,0.97908,9790.8,0.984711,0.96418,3.31926,0.000167332,-3.0364,0.0765376,3.31886,0.000442583,3.31337,0.00641756,3.31087,0.00947313,13.1168,0.00559257,6.35566,0.000406433,0.00589087,0.00838929,-9.79751
mnist,calibration,"[3, 3, 3]",10,1,10000,5,3.31942,0.00072,7.2,0.0333333,2e-05,0.718278,0.253401,0.714253,0.253231,0.715342,0.252668,0.715288,0.252601,0.715974,0.252573,13.1168,0.00131857,0.00402512,0.00293585,0.00298966,0.00230387,-12.3985
mnist,calibration,"[3, 3, 3]",10,2,10000,5,3.31942,0.00194,19.4,0.070207,0.00014,0.931453,0.326844,0.919508,0.328891,0.926329,0.326121,0.923762,0.325151,0.926639,0.325679,13.1134,0.00243609,0.0119455,0.00512374,0.00769169,0.00481432,-12.1819
mnist,calibration,"[3, 3, 3]",10,3,10000,5,3.31942,0.00364,36.4,0.113151,0.0005,1.03322,0.34261,1.01024,0.345735,1.02591,0.340585,1.02211,0.338877,1.02642,0.340334,13.1097,0.00493902,0.0229821,0.00730738,0.0111145,0.00679973,-12.0765
mnist,calibration,"[5, 5, 5]",10,1,10000,5,3.31942,0.00214,21.4,0.0815528,0.00018,0.742973,0.167731,0.729729,0.164975,0.736478,0.165991,0.736949,0.166722,0.737249,0.166365,13.1104,0.00252847,0.0132439,0.0064947,0.00602321,0.00572322,-12.3674
mnist,calibration,"[5, 5, 5]",10,2,10000,5,3.31942,0.0112,112,0.150664,0.00172,1.41785,0.104642,1.34579,0.10107,1.39612,0.103599,1.389,0.103259,1.39494,0.104717,13.0868,0.00384053,0.0720626,0.0217336,0.0288526,0.0229091,-11.6689
mnist,calibration,"[5, 5, 5]",10,3,10000,5,3.31942,0.03032,303.2,0.227342,0.00706,1.77689,0.171278,1.5807,0.130475,1.7373,0.163122,1.72896,0.161985,1.72695,0.159947,13.0593,0.0149768,0.196192,0.0395873,0.0479335,0.049941,-11.2824
mnist,capacity,"[50, 50, 50]",2,1,10000,5,3.31942,0.0639,639,0.199688,0.01278,1.61522,0.0473909,1.20102,0.0252207,1.47507,0.0443857,1.46362,0.0508258,1.4341,0.0447426,12.9025,0.0104489,0.414198,0.140155,0.151598,0.181117,-11.2873
mnist,capacity,"[50, 50, 50]",2,2,10000,5,3.31942,0.18316,1831.6,0.343432,0.06292,1.99613,0.0188158,0.807678,0.0301679,1.72171,0.012138,1.8012,0.0138317,1.59503,0.00909462,12.6764,0.0181893,1.18845,0.274415,0.194925,0.401101,-10.6802
mnist,capacity,"[50, 50, 50]",2,3,10000,5,3.31942,0.31718,3171.8,0.450891,0.1431,2.28183,0.0295901,0.223308,0.06246,1.93839,0.0241887,1.98331,0.0180159,1.71058,0.0282353,12.4934,0.0157717,2.05852,0.34344,0.298521,0.571249,-10.2116
mnist,capacity,"[50, 50, 50]",3,1,10000,5,3.31942,0.26566,2656.6,0.475928,0.12648,2.26418,0.00871102,0.540128,0.0249471,1.99505,0.0112766,2.1037,0.0132717,1.82365,0.0224132,12.6841,0.00926138,1.72405,0.269124,0.16048,0.440531,-10.4199
mnist,capacity,"[50, 50, 50]",3,2,10000,5,3.31942,0.62936,6293.6,0.731469,0.4604,2.89232,0.0252843,-1.19291,0.0355016,2.6309,0.0315521,2.29191,0.0324382,2.19961,0.0140755,12.4355,0.0165564,4.08524,0.261427,0.600416,0.692716,-9.54314
mnist,capacity,"[50, 50, 50]",3,3,10000,5,3.31942,0.82586,8258.6,0.85956,0.70992,3.14169,0.0132828,-2.21925,0.0457884,2.96792,0.0238601,2.35004,0.0322458,2.29826,0.0453175,12.319,0.0285619,5.36094,0.17377,0.791651,0.843429,-9.17733
mnist,capacity,"[50, 50, 50]",4,1,10000,5,3.31942,0.51392,5139.2,0.671599,0.34514,2.85755,0.0126692,-0.478237,0.0332325,2.6429,0.0192465,2.55037,0.0216681,2.40238,0.0351736,12.6814,0.0116073,3.33579,0.21465,0.307179,0.45517,-9.82385
mnist,capacity,"[50, 50, 50]",4,2,10000,5,3.31942,0.86714,8671.4,0.903084,0.7832,3.23431,0.0164466,-2.39463,0.0791098,3.14434,0.0281483,2.75893,0.0553025,2.66376,0.0641775,12.6628,0.0462771,5.62893,0.0899652,0.475372,0.570543,-9.4285
mnist,capacity,"[50, 50, 50]",4,3,10000,5,3.31942,0.95978,9597.8,0.967729,0.92882,3.30014,0.0029063,-2.93022,0.0340115,3.27331,0.00738137,2.90687,0.0627448,2.82223,0.0827493,12.7474,0.0595903,6.23037,0.0268338,0.393272,0.477909,-9.44728
mnist,capacity,"[50, 50, 50]",5,1,10000,5,3.31942,0.68854,6885.4,0.795635,0.5479,3.12938,0.0194392,-1.34006,0.103205,3.00375,0.0218712,2.8172,0.0208532,2.74415,0.0343533,12.7854,0.0148029,4.46944,0.125628,0.312175,0.385233,-9.65603
mnist,capacity,"[50, 50, 50]",5,2,10000,5,3.31942,0.9407,9407,0.958735,0.9019,3.30334,0.00358304,-2.80316,0.049492,3.28223,0.00655806,3.09084,0.0301611,3.01323,0.0297758,12.9281,0.0273268,6.1065,0.0211111,0.212494,0.290106,-9.62475
mnist,capacity,"[50, 50, 50]",5,3,10000,5,3.31942,0.98684,9868.4,0.98903,0.97602,3.31736,0.0017317,-3.08868,0.0182448,3.31423,0.00408637,3.19911,0.0889699,3.18021,0.103648,13.0084,0.0846307,6.40604,0.00313228,0.118257,0.137154,-9.69101
mnist,capacity,"[50, 50, 50]",10,1,10000,5,3.31942,0.91596,9159.6,0.950218,0.87038,3.31166,0.00224832,-2.63422,0.0521575,3.30395,0.00451098,3.24916,0.0135925,3.23695,0.0249465,13.065,0.0110628,5.94588,0.00771213,0.0625,0.07471,-9.75331
mnist,capacity,"[50, 50, 50]",10,2,10000,5,3.31942,0.99048,9904.8,0.992508,0.98306,3.31934,0.000109545,-3.11033,0.0112256,3.31907,0.000289739,3.31236,0.00982216,3.31031,0.0134646,13.1157,0.00881935,6.42967,0.000274838,0.00697854,0.00903534,-9.79636
mnist,capacity,"[50, 50, 50]",10,3,10000,5,3.31942,0.99824,9982.4,0.998457,0.9967,3.31942,0,-3.16063,0.00585373,3.31928,0,3.31942,1.38667e-15,3.32007,1.43901e-15,13.122,1.98603e-15,6.48005,0.000143242,-4.44089e-16,-0.000649332,-9.80255
mnist,capacity,"[50, 50, 50]",15,1,10000,5,3.31942,0.94668,9466.8,0.968651,0.91702,3.31823,0.000661435,-2.82709,0.0600699,3.31662,0.00163979,3.30127,0.00900797,3.29315,0.0209926,13.1073,0.00656864,6.14532,0.00160953,0.0169604,0.0250757,-9.78906
mnist,capacity,"[50, 50, 50]",15,2,10000,5,3.31942,0.9936,9936,0.994846,0.98848,3.31942,0,-3.13051,0.0111127,3.31928,0,3.31942,0,3.32007,0,13.122,1.77636e-15,6.44993,0.000143242,0,-0.000649332,-9.80255
mnist,capacity,"[50, 50, 50]",15,3,10000,5,3.31942,0.99926,9992.6,0.999299,0.99856,3.31942,0,-3.16725,0.00258057,3.31928,0,3.31942,0,3.32007,1.57009e-15,13.122,0,6.48667,0.000143242,0,-0.000649332,-9.80255
mnist,capacity,"[50, 50, 50]",20,1,10000,5,3.31942,0.96036,9603.6,0.977894,0.93914,3.31895,0.000591549,-2.91518,0.0367369,3.31824,0.00121773,3.30934,0.0118017,3.30383,0.0194705,13.114,0.00945546,6.23413,0.000716596,0.00961449,0.0151229,-9.79504
mnist,capacity,"[50, 50, 50]",20,2,10000,5,3.31942,0.99636,9963.6,0.996969,0.99334,3.31942,0,-3.14842,0.00506219,3.31928,0,3.31942,1.81751e-15,3.32007,1.88411e-15,13.122,1.77636e-15,6.46785,0.000143242,-4.44089e-16,-0.000649332,-9.80255
mnist,capacity,"[50, 50, 50]",20,3,10000,5,3.31942,0.9995,9995,0.99956,0.99906,3.31942,0,-3.16881,0.00121457,3.31928,0,3.31942,0,3.32007,0,13.122,0,6.48823,0.000143242,0,-0.000649332,-9.80255
mnist,capacity,"[7, 7, 7]",2,1,10000,5,3.31942,0.0019,19,0.00952381,2e-05,1.02435,0.116222,1.01267,0.114938,1.0151,0.115191,1.01348,0.11529,1.0151,0.11513,13.1067,0.00333966,0.0116858,0.00924761,0.0108771,0.00924783,-12.0823
mnist,capacity,"[7, 7, 7]",2,2,10000,5,3.31942,0.00558,55.8,0.0569955,0.00034,1.2244,0.173044,1.18882,0.167166,1.20453,0.167632,1.20017,0.170265,1.20371,0.166668,13.0894,0.0109504,0.0355769,0.0198731,0.02423,0.0206947,-11.865
mnist,capacity,"[7, 7, 7]",2,3,10000,5,3.31942,0.01234,123.4,0.0829472,0.001,1.39602,0.0612766,1.31656,0.0506761,1.35939,0.0526431,1.35277,0.0526889,1.35621,0.0510835,13.0616,0.0145438,0.0794636,0.0366322,0.0432542,0.0398092,-11.6656
mnist,capacity,"[7, 7, 7]",3,1,10000,5,3.31942,0.00238,23.8,0.0377104,0.0001,0.96272,0.140381,0.947918,0.13739,0.952715,0.1383,0.954595,0.137862,0.953586,0.137781,13.1057,0.00499126,0.0148021,0.010005,0.00812502,0.00913384,-12.143
mnist,capacity,"[7, 7, 7]",3,2,10000,5,3.31942,0.01142,114.2,0.103842,0.00122,1.33478,0.131056,1.26129,0.111719,1.30274,0.12301,1.2965,0.120399,1.29995,0.120891,13.0709,0.0175277,0.0734909,0.0320351,0.0382811,0.0348278,-11.7361
mnist,capacity,"[7, 7, 7]",3,3,10000,5,3.31942,0.02802,280.2,0.164703,0.0048,1.54771,0.107436,1.36645,0.039017,1.48867,0.0843789,1.47949,0.0827131,1.47537,0.0778471,13.025,0.0384365,0.18126,0.0590469,0.0682259,0.072346,-11.4773
mnist,capacity,"[7, 7, 7]",4,1,10000,5,3.31942,0.00328,32.8,0.0825838,0.0003,0.959579,0.271797,0.938934,0.265086,0.949833,0.269185,0.946119,0.267163,0.949214,0.268739,13.1037,0.00555889,0.020645,0.00974607,0.0134599,0.0103649,-12.1441
mnist,capacity,"[7, 7, 7]",4,2,10000,5,3.31942,0.01664,166.4,0.189141,0.0031,1.39192,0.283033,1.28454,0.247061,1.36118,0.271902,1.34798,0.265355,1.35609,0.270268,13.0696,0.0195012,0.10738,0.0307481,0.0439419,0.0358389,-11.6777
mnist,capacity,"[7, 7, 7]",4,3,10000,5,3.31942,0.04732,473.2,0.249941,0.012,1.80001,0.129818,1.49345,0.0869904,1.73599,0.11513,1.72502,0.114239,1.72029,0.11478,13.0187,0.0205845,0.306558,0.0640202,0.0749927,0.0797178,-11.2187
mnist,capacity,"[7, 7, 7]",5,1,10000,5,3.31942,0.00498,49.8,0.112766,0.00056,1.1153,0.111165,1.08362,0.108248,1.10034,0.108387,1.09838,0.106743,1.10046,0.108068,13.0974,0.00469974,0.0316816,0.0149584,0.0169162,0.0148402,-11.9821
mnist,capacity,"[7, 7, 7]",5,2,10000,5,3.31942,0.02994,299.4,0.195942,0.00612,1.74138,0.08198,1.54766,0.0436942,1.69652,0.0710919,1.68569,0.0734464,1.6875,0.0694129,13.0513,0.0157944,0.193725,0.0448613,0.0556925,0.0538873,-11.3099
mnist,capacity,"[7, 7, 7]",5,3,10000,5,3.31942,0.08194,819.4,0.301727,0.02502,2.13429,0.133463,1.60298,0.096722,2.05024,0.11987,2.0557,0.127256,2.02403,0.1111,12.9919,0.0300941,0.531316,0.0840579,0.0785983,0.11026,-10.8576
mnist,calibration+capacity,"[7, 7, 7]",10,1,10000,5,3.31942,0.0072,72,0.103037,0.00074,1.12219,0.162602,1.0761,0.158946,1.10485,0.159415,1.09886,0.155465,1.10423,0.158865,13.0935,0.00549928,0.0460941,0.0173463,0.0233333,0.0179633,-11.9713
mnist,calibration+capacity,"[7, 7, 7]",10,2,10000,5,3.31942,0.04486,448.6,0.314392,0.01436,1.78511,0.149575,1.49452,0.106111,1.73984,0.146627,1.74122,0.144498,1.72992,0.143115,13.0526,0.0104184,0.290588,0.0452736,0.0438881,0.0551861,-11.2675
mnist,calibration+capacity,"[7, 7, 7]",10,3,10000,5,3.31942,0.12178,1217.8,0.437311,0.05338,2.26311,0.0826576,1.47315,0.0568109,2.19175,0.0753936,2.22609,0.0725627,2.16198,0.0738562,13.0092,0.0178806,0.789962,0.0713605,0.0370175,0.101129,-10.7461
mnist,capacity,"[7, 7, 7]",15,1,10000,5,3.31942,0.0062,62,0.0934479,0.0006,1.09376,0.119322,1.05415,0.111844,1.07699,0.117816,1.07308,0.117048,1.0768,0.117804,13.0955,0.00494717,0.039602,0.0167694,0.0206802,0.0169567,-12.0017
mnist,capacity,"[7, 7, 7]",15,2,10000,5,3.31942,0.04226,422.6,0.300175,0.01278,1.75616,0.134652,1.48245,0.116276,1.70803,0.125433,1.70949,0.12477,1.69522,0.122907,13.0479,0.0176162,0.273708,0.0481324,0.0466723,0.0609446,-11.2917
mnist,capacity,"[7, 7, 7]",15,3,10000,5,3.31942,0.12462,1246.2,0.42215,0.05256,2.26329,0.105745,1.45489,0.0925131,2.18193,0.102425,2.22871,0.103461,2.14687,0.100335,13.0044,0.0140494,0.8084,0.0813514,0.0345771,0.116415,-10.7411
mnist,capacity,"[7, 7, 7]",20,1,10000,5,3.31942,0.00728,72.8,0.0966782,0.00072,1.13468,0.143871,1.08806,0.1422,1.11669,0.141125,1.1117,0.141834,1.1147,0.140494,13.0906,0.0087421,0.0466135,0.0179834,0.0229718,0.0199717,-11.9559
mnist,capacity,"[7, 7, 7]",20,2,10000,5,3.31942,0.04618,461.8,0.271303,0.01288,1.85867,0.153274,1.55951,0.10305,1.81198,0.145796,1.81137,0.148259,1.79994,0.143539,13.0483,0.0136167,0.299157,0.0466881,0.0472922,0.058723,-11.1896
mnist,capacity,"[7, 7, 7]",20,3,10000,5,3.31942,0.10302,1030.2,0.379137,0.03976,2.26929,0.202805,1.60112,0.114311,2.20083,0.187025,2.22977,0.192565,2.17664,0.181751,13.0183,0.0240495,0.66817,0.0684577,0.039513,0.0926484,-10.749
wbc,calibration,"[25, 25, 25, 25, 25]",-1,1,114,5,0.949452,0.507018,57.8,0.758021,0.384211,0.803573,0.0576094,0.444165,0.0351026,0.727116,0.100304,0.752014,0.0432948,0.837345,0.278744,6.60725,0.0211978,0.359408,0.0764571,0.0515589,-0.0337722,-5.80368
wbc,calibration,"[25, 25, 25, 25, 25]",-1,2,114,5,0.949452,0.796491,90.8,0.868631,0.694737,0.914585,0.0250827,0.346365,0.0646909,0.894698,0.0306887,0.818817,0.0774048,0.893682,0.137211,6.58542,0.0763595,0.568219,0.0198865,0.0957675,0.0209026,-5.67084
wbc,calibration,"[25, 25, 25, 25, 25]",-1,3,114,5,0.949452,0.903509,103,0.936139,0.847368,0.936277,0.0210701,0.290861,0.0463105,0.920009,0.0237882,0.880405,0.104505,0.923614,0.155259,6.62556,0.119477,0.645416,0.0162682,0.0558723,0.0126628,-5.68929
wbc,calibration,"[25, 25, 25, 25, 25]",-1,4,114,5,0.949452,0.92807,105.8,0.949468,0.882456,0.945943,0.00784585,0.28281,0.041871,0.928024,0.0207518,0.890137,0.132631,0.87076,0.190177,6.62549,0.14427,0.663134,0.0179195,0.0558058,0.075183,-5.67954
wbc,calibration,"[25, 25, 25, 25, 25]",-1,5,114,5,0.949452,0.961404,109.6,0.970188,0.933333,0.949452,0,0.262274,0.0239281,0.937304,0,0.949452,7.25902e-16,0.95581,6.28037e-16,6.69762,0,0.687178,0.0121478,5.55112e-16,-0.00635811,-5.74817
wbc,calibration,"[25, 25, 25]",-1,1,114,5,0.949452,0.459649,52.4,0.68967,0.317544,0.758985,0.0707559,0.433746,0.0745138,0.709628,0.0959991,0.705562,0.0819544,0.622427,0.192395,6.59026,0.0368933,0.325239,0.0493575,0.0534231,0.136558,-5.83127
wbc,calibration,"[25, 25, 25]",-1,2,114,5,0.949452,0.796491,90.8,0.876348,0.701754,0.924279,0.0202173,0.35606,0.0633776,0.887552,0.0461596,0.87067,0.0537683,0.859253,0.178653,6.63072,0.0537663,0.568219,0.0367271,0.0536089,0.0650263,-5.70644
wbc,calibration,"[25, 25, 25]",-1,3,114,5,0.949452,0.9,102.6,0.931216,0.840351,0.949452,0,0.306567,0.0457605,0.937304,0,0.949452,5.92697e-16,0.95581,6.08094e-16,6.69762,4.44089e-16,0.642885,0.0121478,4.44089e-16,-0.00635811,-5.74817
wbc,calibration,"[5, 5, 5, 5, 5]",-1,1,114,5,0.949452,0.0754386,8.6,0.369949,0.0280702,0.411809,0.0662438,0.363719,0.0641987,0.390529,0.0694457,0.419873,0.0491878,0.408102,0.0685187,6.67262,0.00631464,0.0480898,0.0212794,-0.00806414,0.00370654,-6.26081
wbc,calibration,"[5, 5, 5, 5, 5]",-1,2,114,5,0.949452,0.138596,15.8,0.400707,0.0561404,0.634583,0.197922,0.540934,0.202401,0.590765,0.206282,0.609546,0.197261,0.58011,0.215046,6.6546,0.0223092,0.0936486,0.0438173,0.0250364,0.0544731,-6.02001
wbc,calibration,"[5, 5, 5, 5, 5]",-1,3,114,5,0.949452,0.180702,20.6,0.513037,0.0964912,0.684388,0.189453,0.560367,0.189175,0.635852,0.175935,0.672485,0.190327,0.620661,0.245285,6.65966,0.0173997,0.124021,0.0485359,0.0119033,0.0637275,-5.97527
wbc,calibration,"[5, 5, 5, 5, 5]",-1,4,114,5,0.949452,0.191228,21.8,0.520584,0.103509,0.695016,0.189686,0.563402,0.187706,0.655678,0.180662,0.683166,0.190742,0.629833,0.247267,6.65908,0.0176392,0.131614,0.039338,0.01185,0.0651827,-5.96406
wbc,calibration,"[5, 5, 5, 5, 5]",-1,5,114,5,0.949452,0.201754,23,0.530087,0.110526,0.707128,0.19438,0.56792,0.189307,0.676272,0.184969,0.690877,0.192957,0.652585,0.257942,6.65856,0.0177116,0.139207,0.0308556,0.0162509,0.0545429,-5.95143
wbc,calibration,"[5, 5, 5]",-1,1,114,5,0.949452,0.0789474,9,0.348831,0.0280702,0.405765,0.136804,0.355144,0.132482,0.370685,0.119792,0.40048,0.108141,0.391525,0.123003,6.66391,0.0166416,0.0506209,0.0350805,0.00528471,0.0142404,-6.25814
wbc,calibration,"[5, 5, 5]",-1,2,114,5,0.949452,0.140351,16,0.409167,0.0578947,0.651589,0.178761,0.556675,0.187059,0.627477,0.158004,0.631004,0.142575,0.63305,0.164122,6.65863,0.0169523,0.0949141,0.0241121,0.0205855,0.0185387,-6.00704
wbc,calibration,"[5, 5, 5]",-1,3,114,5,0.949452,0.184211,21,0.438375,0.0807018,0.767214,0.0432686,0.640661,0.0447916,0.727865,0.0654253,0.729014,0.0657402,0.748835,0.049622,6.65345,0.0200071,0.126552,0.0393488,0.0381996,0.0183788,-5.88623
wbc,calibration,"[9, 9, 9, 9, 9]",-1,1,114,5,0.949452,0.173684,19.8,0.380331,0.0666667,0.579371,0.115219,0.460411,0.107309,0.540779,0.127946,0.549193,0.112679,0.565313,0.127817,6.6377,0.00838434,0.118959,0.0385917,0.0301772,0.0140572,-6.05833
wbc,calibration,"[9, 9, 9, 9, 9]",-1,2,114,5,0.949452,0.345614,39.4,0.572667,0.201754,0.774664,0.0898272,0.531684,0.105619,0.760175,0.0858048,0.719705,0.0585592,0.730909,0.0879564,6.61855,0.0291206,0.24298,0.0144898,0.0549594,0.0437556,-5.84388
wbc,calibration,"[9, 9, 9, 9, 9]",-1,3,114,5,0.949452,0.44386,50.6,0.632429,0.284211,0.855194,0.051504,0.541345,0.0940716,0.792131,0.0784418,0.799435,0.063689,0.752692,0.107851,6.62213,0.0373191,0.313849,0.0630635,0.0557589,0.102502,-5.76694
wbc,calibration,"[9, 9, 9, 9, 9]",-1,4,114,5,0.949452,0.524561,59.8,0.674505,0.359649,0.89081,0.0560476,0.518747,0.0693445,0.852972,0.0766278,0.864236,0.0736171,0.808899,0.153969,6.65248,0.0373299,0.372063,0.0378378,0.0265741,0.081911,-5.76167
wbc,calibration,"[9, 9, 9, 9, 9]",-1,5,114,5,0.949452,0.561404,64,0.704529,0.398246,0.904206,0.0325186,0.505566,0.05476,0.873976,0.0451722,0.876151,0.0515153,0.829409,0.110705,6.65526,0.0293855,0.398639,0.0302297,0.0280544,0.0747963,-5.75106
wbc,calibration,"[9, 9, 9]",-1,1,114,5,0.949452,0.161404,18.4,0.457237,0.0754386,0.547824,0.117613,0.437724,0.127703,0.531114,0.110263,0.551416,0.101308,0.533139,0.112452,6.65691,0.019832,0.1101,0.0167103,-0.00359167,0.0146851,-6.10909
wbc,calibration,"[9, 9, 9]",-1,2,114,5,0.949452,0.282456,32.2,0.571945,0.168421,0.692503,0.0593122,0.495082,0.0647841,0.669697,0.0518227,0.678804,0.0620912,0.689021,0.0264417,6.63762,0.0300688,0.197421,0.0228063,0.0136993,0.00348254,-5.94512
wbc,calibration,"[9, 9, 9]",-1,3,114,5,0.949452,0.359649,41,0.627114,0.229825,0.73972,0.0763101,0.486615,0.0701785,0.710052,0.0538655,0.72459,0.055547,0.703995,0.0613737,6.634,0.0282936,0.253104,0.0296681,0.0151302,0.0357245,-5.89428
