rho_range,estimator,n_cells,mean_value,mean_correction,mean_seed_std,mean_gap_to_H_Y,nan_cells
rho<0.05,plug_in,41,1.43866,0,0.148018,1.69819,0
rho<0.05,miller_madow,41,1.32457,0.114087,0.131427,1.81228,0
rho<0.05,grassberger,41,1.40998,0.0286806,0.143572,1.72687,0
rho<0.05,chao_shen,41,1.40687,0.0317847,0.143307,1.72998,0
rho<0.05,chao_wang_jost,41,1.4067,0.031955,0.143101,1.73015,0
rho<0.05,ansb,41,12.4533,-11.0147,0.00955731,-9.31648,0
rho>0.3,plug_in,56,2.58645,0,0.0246335,0.146345,0
rho>0.3,miller_madow,56,-1.15279,3.73924,0.0916798,3.88558,0
rho>0.3,grassberger,56,2.51909,0.0673641,0.0306115,0.213709,0
rho>0.3,chao_shen,56,2.44746,0.138989,0.0366703,0.285334,0
rho>0.3,chao_wang_jost,56,2.40186,0.184592,0.0552521,0.330936,0
rho>0.3,ansb,56,11.3311,-8.74461,0.0240957,-8.59827,0
rho>0.9,plug_in,19,2.94141,0,0.00235938,0.00380872,0
rho>0.9,miller_madow,19,-2.46166,5.40307,0.0378946,5.40687,0
rho>0.9,grassberger,19,2.93513,0.00627599,0.00414317,0.0100847,0
rho>0.9,chao_shen,19,2.8875,0.0539072,0.0266124,0.0577159,0
rho>0.9,chao_wang_jost,19,2.87626,0.0651483,0.0367308,0.068957,0
rho>0.9,ansb,19,12.0551,-9.11373,0.0267004,-9.10992,0
