arch_str,width,target_dim,epsilon,H_Y_bits,rho,rho_func,raw_mean,raw_std,func_mean,func_std,func_below_raw,func_gap_to_H_Y
"[15, 15, 15]",15,2,0,3.31942,0.04884,1,1.59864,0.0290062,1.59864,0.0290062,-1.11022e-15,1.72079
"[15, 15, 15]",15,2,0.01,3.31942,0.04884,1,1.59864,0.0290062,1.59864,0.0290062,-1.11022e-15,1.72079
"[15, 15, 15]",15,2,0.05,3.31942,0.04884,0.953565,1.59864,0.0290062,1.59315,0.029981,0.00548523,1.72627
"[15, 15, 15]",15,2,0.1,3.31942,0.04884,0.849041,1.59864,0.0290062,1.57526,0.0339784,0.0233781,1.74416
"[15, 15, 15]",15,2,0.2,3.31942,0.04884,0.617316,1.59864,0.0290062,1.52879,0.0438183,0.0698452,1.79063
"[15, 15, 15]",15,2,0.3,3.31942,0.04884,0.454515,1.59864,0.0290062,1.49165,0.0389661,0.106985,1.82777
"[15, 15, 15]",15,2,0.4,3.31942,0.04884,0.342669,1.59864,0.0290062,1.45168,0.0399536,0.146951,1.86774
"[15, 15, 15]",15,2,0.5,3.31942,0.04884,0.277912,1.59864,0.0290062,1.42941,0.0398679,0.169225,1.89001
"[15, 15, 15]",15,2,0.6,3.31942,0.04884,0.229964,1.59864,0.0290062,1.40093,0.0394071,0.197703,1.91849
"[15, 15, 15]",15,2,0.7,3.31942,0.04884,0.201768,1.59864,0.0290062,1.37459,0.0520498,0.224043,1.94483
"[15, 15, 15]",15,2,0.8,3.31942,0.04884,0.189126,1.59864,0.0290062,1.36242,0.0561969,0.236217,1.957
"[15, 15, 15]",15,2,0.9,3.31942,0.04884,0.178988,1.59864,0.0290062,1.35189,0.0556678,0.24675,1.96754
"[15, 15, 15]",15,2,1,3.31942,0.04884,0.171841,1.59864,0.0290062,1.34341,0.052599,0.255223,1.97601
"[15, 15, 15]",15,2,1.5,3.31942,0.04884,0.163993,1.59864,0.0290062,1.3229,0.0822254,0.275736,1.99652
"[15, 15, 15]",15,2,2,3.31942,0.04884,0.163993,1.59864,0.0290062,1.3229,0.0822254,0.275736,1.99652
"[15, 15, 15]",15,3,0,3.31942,0.19538,1,2.11623,0.0687555,2.11623,0.0687555,-4.44089e-16,1.2032
"[15, 15, 15]",15,3,0.01,3.31942,0.19538,0.999572,2.11623,0.0687555,2.11608,0.0688141,0.000146415,1.20334
"[15, 15, 15]",15,3,0.05,3.31942,0.19538,0.987728,2.11623,0.0687555,2.11246,0.0669973,0.00376713,1.20696
"[15, 15, 15]",15,3,0.1,3.31942,0.19538,0.924805,2.11623,0.0687555,2.08796,0.0661705,0.0282678,1.23146
"[15, 15, 15]",15,3,0.2,3.31942,0.19538,0.690885,2.11623,0.0687555,1.98267,0.0581294,0.133554,1.33675
"[15, 15, 15]",15,3,0.3,3.31942,0.19538,0.470876,2.11623,0.0687555,1.86561,0.0422819,0.250619,1.45382
"[15, 15, 15]",15,3,0.4,3.31942,0.19538,0.326196,2.11623,0.0687555,1.76239,0.0335877,0.353839,1.55704
"[15, 15, 15]",15,3,0.5,3.31942,0.19538,0.235079,2.11623,0.0687555,1.68284,0.0279693,0.433385,1.63658
"[15, 15, 15]",15,3,0.6,3.31942,0.19538,0.175411,2.11623,0.0687555,1.61898,0.029723,0.497245,1.70044
"[15, 15, 15]",15,3,0.7,3.31942,0.19538,0.137583,2.11623,0.0687555,1.5706,0.0464287,0.545622,1.74882
"[15, 15, 15]",15,3,0.8,3.31942,0.19538,0.116682,2.11623,0.0687555,1.53106,0.0479484,0.58517,1.78837
"[15, 15, 15]",15,3,0.9,3.31942,0.19538,0.101712,2.11623,0.0687555,1.50092,0.0554026,0.615311,1.81851
"[15, 15, 15]",15,3,1,3.31942,0.19538,0.0931884,2.11623,0.0687555,1.47488,0.0607693,0.64135,1.84455
"[15, 15, 15]",15,3,1.5,3.31942,0.19538,0.081312,2.11623,0.0687555,1.43801,0.0881894,0.678221,1.88142
"[15, 15, 15]",15,3,2,3.31942,0.19538,0.0812051,2.11623,0.0687555,1.43786,0.0885153,0.678369,1.88157
"[15, 15, 15]",15,4,0,3.31942,0.34204,1,2.60994,0.0417318,2.60994,0.0417318,-4.44089e-16,0.709486
"[15, 15, 15]",15,4,0.01,3.31942,0.34204,1,2.60994,0.0417318,2.60994,0.0417318,-4.44089e-16,0.709486
"[15, 15, 15]",15,4,0.05,3.31942,0.34204,0.997062,2.60994,0.0417318,2.60833,0.0445614,0.00160218,0.711088
"[15, 15, 15]",15,4,0.1,3.31942,0.34204,0.972414,2.60994,0.0417318,2.59792,0.0448266,0.0120166,0.721503
"[15, 15, 15]",15,4,0.2,3.31942,0.34204,0.787207,2.60994,0.0417318,2.50118,0.04281,0.108754,0.81824
"[15, 15, 15]",15,4,0.3,3.31942,0.34204,0.538047,2.60994,0.0417318,2.34393,0.0304439,0.266006,0.975492
"[15, 15, 15]",15,4,0.4,3.31942,0.34204,0.350931,2.60994,0.0417318,2.20827,0.037742,0.401662,1.11115
"[15, 15, 15]",15,4,0.5,3.31942,0.34204,0.231103,2.60994,0.0417318,2.08823,0.0429658,0.521707,1.23119
"[15, 15, 15]",15,4,0.6,3.31942,0.34204,0.159956,2.60994,0.0417318,1.99378,0.0557738,0.61616,1.32565
"[15, 15, 15]",15,4,0.7,3.31942,0.34204,0.117801,2.60994,0.0417318,1.92227,0.061126,0.68767,1.39716
"[15, 15, 15]",15,4,0.8,3.31942,0.34204,0.0930083,2.60994,0.0417318,1.8555,0.0872415,0.754439,1.46393
"[15, 15, 15]",15,4,0.9,3.31942,0.34204,0.079028,2.60994,0.0417318,1.81571,0.100907,0.794223,1.50371
"[15, 15, 15]",15,4,1,3.31942,0.34204,0.0712287,2.60994,0.0417318,1.78956,0.105949,0.820376,1.52986
"[15, 15, 15]",15,4,1.5,3.31942,0.34204,0.0645751,2.60994,0.0417318,1.76798,0.119723,0.841957,1.55144
"[15, 15, 15]",15,4,2,3.31942,0.34204,0.0645751,2.60994,0.0417318,1.76798,0.119723,0.841957,1.55144
"[15, 15, 15]",15,5,0,3.31942,0.51776,1,2.97449,0.0423803,2.97449,0.0423803,8.88178e-16,0.344937
"[15, 15, 15]",15,5,0.01,3.31942,0.51776,1,2.97449,0.0423803,2.97449,0.0423803,8.88178e-16,0.344937
"[15, 15, 15]",15,5,0.05,3.31942,0.51776,0.999699,2.97449,0.0423803,2.97442,0.04228,7.01955e-05,0.345007
"[15, 15, 15]",15,5,0.1,3.31942,0.51776,0.981392,2.97449,0.0423803,2.96447,0.0491599,0.0100116,0.354948
"[15, 15, 15]",15,5,0.2,3.31942,0.51776,0.845596,2.97449,0.0423803,2.89013,0.0544338,0.0843564,0.429293
"[15, 15, 15]",15,5,0.3,3.31942,0.51776,0.616944,2.97449,0.0423803,2.74584,0.0443318,0.228646,0.573583
"[15, 15, 15]",15,5,0.4,3.31942,0.51776,0.421562,2.97449,0.0423803,2.59003,0.0412364,0.384452,0.729388
"[15, 15, 15]",15,5,0.5,3.31942,0.51776,0.281472,2.97449,0.0423803,2.44161,0.041173,0.532875,0.877811
"[15, 15, 15]",15,5,0.6,3.31942,0.51776,0.191217,2.97449,0.0423803,2.31407,0.0386185,0.660414,1.00535
"[15, 15, 15]",15,5,0.7,3.31942,0.51776,0.136384,2.97449,0.0423803,2.21758,0.0426506,0.756907,1.10184
"[15, 15, 15]",15,5,0.8,3.31942,0.51776,0.105111,2.97449,0.0423803,2.1442,0.0507193,0.830289,1.17523
"[15, 15, 15]",15,5,0.9,3.31942,0.51776,0.0840555,2.97449,0.0423803,2.08931,0.06165,0.885174,1.23011
"[15, 15, 15]",15,5,1,3.31942,0.51776,0.0735125,2.97449,0.0423803,2.04947,0.0719194,0.925016,1.26995
"[15, 15, 15]",15,5,1.5,3.31942,0.51776,0.0621586,2.97449,0.0423803,1.99777,0.0971946,0.976712,1.32165
"[15, 15, 15]",15,5,2,3.31942,0.51776,0.062082,2.97449,0.0423803,1.99777,0.0971872,0.97672,1.32166
"[15, 15, 15]",15,10,0,3.31942,0.74258,1,3.24469,0.0117393,3.24469,0.0117393,4.44089e-16,0.0747359
"[15, 15, 15]",15,10,0.01,3.31942,0.74258,1,3.24469,0.0117393,3.24469,0.0117393,4.44089e-16,0.0747359
"[15, 15, 15]",15,10,0.05,3.31942,0.74258,1,3.24469,0.0117393,3.24469,0.0117393,4.44089e-16,0.0747359
"[15, 15, 15]",15,10,0.1,3.31942,0.74258,0.999729,3.24469,0.0117393,3.24469,0.0117393,1.33227e-15,0.0747359
"[15, 15, 15]",15,10,0.2,3.31942,0.74258,0.953253,3.24469,0.0117393,3.23023,0.016401,0.0144522,0.089188
"[15, 15, 15]",15,10,0.3,3.31942,0.74258,0.79097,3.24469,0.0117393,3.15927,0.0253608,0.085414,0.16015
"[15, 15, 15]",15,10,0.4,3.31942,0.74258,0.607263,3.24469,0.0117393,3.04779,0.0424211,0.196895,0.27163
"[15, 15, 15]",15,10,0.5,3.31942,0.74258,0.433915,3.24469,0.0117393,2.89394,0.0685588,0.350745,0.425481
"[15, 15, 15]",15,10,0.6,3.31942,0.74258,0.3007,3.24469,0.0117393,2.73142,0.0807563,0.513266,0.588002
"[15, 15, 15]",15,10,0.7,3.31942,0.74258,0.208577,3.24469,0.0117393,2.57709,0.0993606,0.667595,0.74233
"[15, 15, 15]",15,10,0.8,3.31942,0.74258,0.149101,3.24469,0.0117393,2.45296,0.100763,0.79173,0.866466
"[15, 15, 15]",15,10,0.9,3.31942,0.74258,0.112487,3.24469,0.0117393,2.35685,0.0988509,0.887832,0.962568
"[15, 15, 15]",15,10,1,3.31942,0.74258,0.0904469,3.24469,0.0117393,2.28323,0.107005,0.961459,1.03619
"[15, 15, 15]",15,10,1.5,3.31942,0.74258,0.0666742,3.24469,0.0117393,2.20421,0.108393,1.04047,1.11521
"[15, 15, 15]",15,10,2,3.31942,0.74258,0.0666742,3.24469,0.0117393,2.20421,0.108393,1.04047,1.11521
"[15, 15, 15]",15,15,0,3.31942,0.77362,1,3.27697,0.016377,3.27697,0.016377,1.77636e-15,0.0424494
"[15, 15, 15]",15,15,0.01,3.31942,0.77362,1,3.27697,0.016377,3.27697,0.016377,1.77636e-15,0.0424494
"[15, 15, 15]",15,15,0.05,3.31942,0.77362,1,3.27697,0.016377,3.27697,0.016377,1.77636e-15,0.0424494
"[15, 15, 15]",15,15,0.1,3.31942,0.77362,0.999743,3.27697,0.016377,3.27677,0.0162997,0.000207291,0.0426567
"[15, 15, 15]",15,15,0.2,3.31942,0.77362,0.976157,3.27697,0.016377,3.27166,0.0186405,0.00531335,0.0477628
"[15, 15, 15]",15,15,0.3,3.31942,0.77362,0.852536,3.27697,0.016377,3.2315,0.0304169,0.0454698,0.0879193
"[15, 15, 15]",15,15,0.4,3.31942,0.77362,0.686697,3.27697,0.016377,3.15917,0.0504471,0.1178,0.160249
"[15, 15, 15]",15,15,0.5,3.31942,0.77362,0.509239,3.27697,0.016377,3.05308,0.0716077,0.223891,0.266341
"[15, 15, 15]",15,15,0.6,3.31942,0.77362,0.357819,3.27697,0.016377,2.90829,0.0962776,0.368687,0.411136
"[15, 15, 15]",15,15,0.7,3.31942,0.77362,0.242574,3.27697,0.016377,2.74094,0.12758,0.536029,0.578479
"[15, 15, 15]",15,15,0.8,3.31942,0.77362,0.165073,3.27697,0.016377,2.58512,0.148846,0.691852,0.734301
"[15, 15, 15]",15,15,0.9,3.31942,0.77362,0.1162,3.27697,0.016377,2.45733,0.167291,0.819641,0.862091
"[15, 15, 15]",15,15,1,3.31942,0.77362,0.0867098,3.27697,0.016377,2.35037,0.183374,0.9266,0.96905
"[15, 15, 15]",15,15,1.5,3.31942,0.77362,0.0543012,3.27697,0.016377,2.20285,0.193834,1.07412,1.11657
"[15, 15, 15]",15,15,2,3.31942,0.77362,0.0541992,3.27697,0.016377,2.20261,0.19384,1.07436,1.11681
"[15, 15, 15]",15,20,0,3.31942,0.78262,1,3.26869,0.0212544,3.26869,0.0212544,-4.44089e-16,0.0507357
"[15, 15, 15]",15,20,0.01,3.31942,0.78262,1,3.26869,0.0212544,3.26869,0.0212544,-4.44089e-16,0.0507357
"[15, 15, 15]",15,20,0.05,3.31942,0.78262,0.999771,3.26869,0.0212544,3.26863,0.0212921,5.70951e-05,0.0507928
"[15, 15, 15]",15,20,0.1,3.31942,0.78262,0.996448,3.26869,0.0212544,3.26701,0.0202645,0.00167451,0.0524102
"[15, 15, 15]",15,20,0.2,3.31942,0.78262,0.957148,3.26869,0.0212544,3.25351,0.0283765,0.0151763,0.0659121
"[15, 15, 15]",15,20,0.3,3.31942,0.78262,0.836309,3.26869,0.0212544,3.2045,0.0389657,0.0641903,0.114926
"[15, 15, 15]",15,20,0.4,3.31942,0.78262,0.675264,3.26869,0.0212544,3.11538,0.0570801,0.153309,0.204044
"[15, 15, 15]",15,20,0.5,3.31942,0.78262,0.504741,3.26869,0.0212544,2.98718,0.0741819,0.281503,0.332238
"[15, 15, 15]",15,20,0.6,3.31942,0.78262,0.359055,3.26869,0.0212544,2.82657,0.0931144,0.442121,0.492857
"[15, 15, 15]",15,20,0.7,3.31942,0.78262,0.24359,3.26869,0.0212544,2.65015,0.103642,0.618532,0.669268
"[15, 15, 15]",15,20,0.8,3.31942,0.78262,0.163223,3.26869,0.0212544,2.46531,0.11954,0.803377,0.854113
"[15, 15, 15]",15,20,0.9,3.31942,0.78262,0.114034,3.26869,0.0212544,2.31169,0.122263,0.957002,1.00774
"[15, 15, 15]",15,20,1,3.31942,0.78262,0.0848903,3.26869,0.0212544,2.18776,0.133326,1.08092,1.13166
"[15, 15, 15]",15,20,1.5,3.31942,0.78262,0.0489163,3.26869,0.0212544,1.99836,0.202976,1.27032,1.32106
"[15, 15, 15]",15,20,2,3.31942,0.78262,0.0487875,3.26869,0.0212544,1.99788,0.203398,1.27081,1.32155
"[25, 25, 25]",25,2,0,3.31942,0.12376,1,1.83675,0.0548502,1.83675,0.0548502,-1.77636e-15,1.48267
"[25, 25, 25]",25,2,0.01,3.31942,0.12376,0.999863,1.83675,0.0548502,1.83675,0.0548412,6.26471e-06,1.48268
"[25, 25, 25]",25,2,0.05,3.31942,0.12376,0.931509,1.83675,0.0548502,1.81737,0.0485772,0.0193832,1.50205
"[25, 25, 25]",25,2,0.1,3.31942,0.12376,0.76716,1.83675,0.0548502,1.76733,0.039992,0.069426,1.5521
"[25, 25, 25]",25,2,0.2,3.31942,0.12376,0.50112,1.83675,0.0548502,1.6706,0.0273589,0.166153,1.64882
"[25, 25, 25]",25,2,0.3,3.31942,0.12376,0.344865,1.83675,0.0548502,1.60101,0.0252028,0.235741,1.71841
"[25, 25, 25]",25,2,0.4,3.31942,0.12376,0.259863,1.83675,0.0548502,1.55405,0.03053,0.282704,1.76537
"[25, 25, 25]",25,2,0.5,3.31942,0.12376,0.21648,1.83675,0.0548502,1.52465,0.0309945,0.312103,1.79477
"[25, 25, 25]",25,2,0.6,3.31942,0.12376,0.189421,1.83675,0.0548502,1.50475,0.0322886,0.332006,1.81468
"[25, 25, 25]",25,2,0.7,3.31942,0.12376,0.175608,1.83675,0.0548502,1.49593,0.0320887,0.340823,1.82349
"[25, 25, 25]",25,2,0.8,3.31942,0.12376,0.169367,1.83675,0.0548502,1.48948,0.0350656,0.347275,1.82995
"[25, 25, 25]",25,2,0.9,3.31942,0.12376,0.166913,1.83675,0.0548502,1.4867,0.0367581,0.350054,1.83272
"[25, 25, 25]",25,2,1,3.31942,0.12376,0.164775,1.83675,0.0548502,1.48323,0.0404011,0.353519,1.83619
"[25, 25, 25]",25,2,1.5,3.31942,0.12376,0.16296,1.83675,0.0548502,1.47845,0.0456086,0.358306,1.84098
"[25, 25, 25]",25,2,2,3.31942,0.12376,0.16296,1.83675,0.0548502,1.47845,0.0456086,0.358306,1.84098
"[25, 25, 25]",25,3,0,3.31942,0.45206,1,2.61992,0.0501307,2.61992,0.0501307,-2.66454e-15,0.699503
"[25, 25, 25]",25,3,0.01,3.31942,0.45206,1,2.61992,0.0501307,2.61992,0.0501307,-2.66454e-15,0.699503
"[25, 25, 25]",25,3,0.05,3.31942,0.45206,0.983858,2.61992,0.0501307,2.60999,0.0534711,0.00992886,0.709432
"[25, 25, 25]",25,3,0.1,3.31942,0.45206,0.8965,2.61992,0.0501307,2.54912,0.059923,0.0708028,0.770306
"[25, 25, 25]",25,3,0.2,3.31942,0.45206,0.619298,2.61992,0.0501307,2.32763,0.0491444,0.29229,0.991793
"[25, 25, 25]",25,3,0.3,3.31942,0.45206,0.408322,2.61992,0.0501307,2.12559,0.0451358,0.494333,1.19384
"[25, 25, 25]",25,3,0.4,3.31942,0.45206,0.282109,2.61992,0.0501307,1.9816,0.0466896,0.638319,1.33782
"[25, 25, 25]",25,3,0.5,3.31942,0.45206,0.212489,2.61992,0.0501307,1.88394,0.0478361,0.735979,1.43548
"[25, 25, 25]",25,3,0.6,3.31942,0.45206,0.17352,2.61992,0.0501307,1.81858,0.0498262,0.801336,1.50084
"[25, 25, 25]",25,3,0.7,3.31942,0.45206,0.150811,2.61992,0.0501307,1.77115,0.0557175,0.848771,1.54827
"[25, 25, 25]",25,3,0.8,3.31942,0.45206,0.139613,2.61992,0.0501307,1.73822,0.0615629,0.881696,1.5812
"[25, 25, 25]",25,3,0.9,3.31942,0.45206,0.133301,2.61992,0.0501307,1.72169,0.0639593,0.89823,1.59773
"[25, 25, 25]",25,3,1,3.31942,0.45206,0.12897,2.61992,0.0501307,1.70911,0.0685668,0.910807,1.61031
"[25, 25, 25]",25,3,1.5,3.31942,0.45206,0.125786,2.61992,0.0501307,1.69495,0.0750121,0.924969,1.62447
"[25, 25, 25]",25,3,2,3.31942,0.45206,0.125786,2.61992,0.0501307,1.69495,0.0750121,0.924969,1.62447
"[25, 25, 25]",25,4,0,3.31942,0.73422,1,3.09942,0.0326013,3.09942,0.0326013,8.88178e-16,0.220006
"[25, 25, 25]",25,4,0.01,3.31942,0.73422,1,3.09942,0.0326013,3.09942,0.0326013,8.88178e-16,0.220006
"[25, 25, 25]",25,4,0.05,3.31942,0.73422,0.99836,3.09942,0.0326013,3.09854,0.0328266,0.000872455,0.220879
"[25, 25, 25]",25,4,0.1,3.31942,0.73422,0.961771,3.09942,0.0326013,3.07428,0.0374527,0.0251375,0.245144
"[25, 25, 25]",25,4,0.2,3.31942,0.73422,0.767772,3.09942,0.0326013,2.92568,0.0396017,0.173736,0.393743
"[25, 25, 25]",25,4,0.3,3.31942,0.73422,0.559796,3.09942,0.0326013,2.73632,0.0343837,0.363098,0.583104
"[25, 25, 25]",25,4,0.4,3.31942,0.73422,0.399477,3.09942,0.0326013,2.56546,0.0345106,0.533954,0.75396
"[25, 25, 25]",25,4,0.5,3.31942,0.73422,0.297928,3.09942,0.0326013,2.43263,0.0388516,0.666788,0.886795
"[25, 25, 25]",25,4,0.6,3.31942,0.73422,0.236198,3.09942,0.0326013,2.34097,0.0415461,0.75845,0.978457
"[25, 25, 25]",25,4,0.7,3.31942,0.73422,0.202022,3.09942,0.0326013,2.28276,0.0481602,0.816657,1.03666
"[25, 25, 25]",25,4,0.8,3.31942,0.73422,0.182046,3.09942,0.0326013,2.23774,0.0548385,0.861676,1.08168
"[25, 25, 25]",25,4,0.9,3.31942,0.73422,0.172685,3.09942,0.0326013,2.21496,0.0540205,0.884461,1.10447
"[25, 25, 25]",25,4,1,3.31942,0.73422,0.167455,3.09942,0.0326013,2.19895,0.0596024,0.900462,1.12047
"[25, 25, 25]",25,4,1.5,3.31942,0.73422,0.163793,3.09942,0.0326013,2.18436,0.066085,0.915055,1.13506
"[25, 25, 25]",25,4,2,3.31942,0.73422,0.163793,3.09942,0.0326013,2.18436,0.066085,0.915055,1.13506
"[25, 25, 25]",25,5,0,3.31942,0.87426,1,3.26378,0.00849338,3.26378,0.00849338,0,0.0556471
"[25, 25, 25]",25,5,0.01,3.31942,0.87426,1,3.26378,0.00849338,3.26378,0.00849338,0,0.0556471
"[25, 25, 25]",25,5,0.05,3.31942,0.87426,0.999816,3.26378,0.00849338,3.26366,0.00864409,0.00012,0.0557671
"[25, 25, 25]",25,5,0.1,3.31942,0.87426,0.987161,3.26378,0.00849338,3.25704,0.0113221,0.00673474,0.0623818
"[25, 25, 25]",25,5,0.2,3.31942,0.87426,0.873346,3.26378,0.00849338,3.19719,0.0231059,0.0665807,0.122228
"[25, 25, 25]",25,5,0.3,3.31942,0.87426,0.697315,3.26378,0.00849338,3.07803,0.0313327,0.185747,0.241394
"[25, 25, 25]",25,5,0.4,3.31942,0.87426,0.528061,3.26378,0.00849338,2.94277,0.0408227,0.321008,0.376655
"[25, 25, 25]",25,5,0.5,3.31942,0.87426,0.396972,3.26378,0.00849338,2.80517,0.0493233,0.45861,0.514257
"[25, 25, 25]",25,5,0.6,3.31942,0.87426,0.310293,3.26378,0.00849338,2.69215,0.0554786,0.571628,0.627275
"[25, 25, 25]",25,5,0.7,3.31942,0.87426,0.25659,3.26378,0.00849338,2.60928,0.0678973,0.654492,0.710139
"[25, 25, 25]",25,5,0.8,3.31942,0.87426,0.22426,3.26378,0.00849338,2.54932,0.0822343,0.714457,0.770104
"[25, 25, 25]",25,5,0.9,3.31942,0.87426,0.207395,3.26378,0.00849338,2.51054,0.0913145,0.753232,0.808879
"[25, 25, 25]",25,5,1,3.31942,0.87426,0.198985,3.26378,0.00849338,2.48901,0.100552,0.774768,0.830415
"[25, 25, 25]",25,5,1.5,3.31942,0.87426,0.189354,3.26378,0.00849338,2.46731,0.1117,0.796467,0.852115
"[25, 25, 25]",25,5,2,3.31942,0.87426,0.189354,3.26378,0.00849338,2.46731,0.1117,0.796467,0.852115
"[25, 25, 25]",25,10,0,3.31942,0.9536,1,3.31822,0.000927911,3.31822,0.000927911,0,0.001198
"[25, 25, 25]",25,10,0.01,3.31942,0.9536,1,3.31822,0.000927911,3.31822,0.000927911,0,0.001198
"[25, 25, 25]",25,10,0.05,3.31942,0.9536,1,3.31822,0.000927911,3.31822,0.000927911,0,0.001198
"[25, 25, 25]",25,10,0.1,3.31942,0.9536,0.999371,3.31822,0.000927911,3.31822,0.000927911,-1.77636e-15,0.001198
"[25, 25, 25]",25,10,0.2,3.31942,0.9536,0.975567,3.31822,0.000927911,3.31644,0.00143853,0.00178568,0.00298369
"[25, 25, 25]",25,10,0.3,3.31942,0.9536,0.918809,3.31822,0.000927911,3.3093,0.00463973,0.00892488,0.0101229
"[25, 25, 25]",25,10,0.4,3.31942,0.9536,0.824346,3.31822,0.000927911,3.28874,0.0112961,0.0294817,0.0306797
"[25, 25, 25]",25,10,0.5,3.31942,0.9536,0.698762,3.31822,0.000927911,3.24506,0.0217063,0.0731663,0.0743643
"[25, 25, 25]",25,10,0.6,3.31942,0.9536,0.56944,3.31822,0.000927911,3.17463,0.0338084,0.143594,0.144792
"[25, 25, 25]",25,10,0.7,3.31942,0.9536,0.459786,3.31822,0.000927911,3.08812,0.0515106,0.230105,0.231303
"[25, 25, 25]",25,10,0.8,3.31942,0.9536,0.38063,3.31822,0.000927911,3.00352,0.0683779,0.314702,0.3159
"[25, 25, 25]",25,10,0.9,3.31942,0.9536,0.33097,3.31822,0.000927911,2.93405,0.0887065,0.384177,0.385375
"[25, 25, 25]",25,10,1,3.31942,0.9536,0.299585,3.31822,0.000927911,2.88246,0.104111,0.435764,0.436962
"[25, 25, 25]",25,10,1.5,3.31942,0.9536,0.273511,3.31822,0.000927911,2.82503,0.13516,0.493199,0.494397
"[25, 25, 25]",25,10,2,3.31942,0.9536,0.273511,3.31822,0.000927911,2.82503,0.13516,0.493199,0.494397
"[25, 25, 25]",25,15,0,3.31942,0.96502,1,3.31884,0.000354284,3.31884,0.000354284,8.88178e-16,0.000585792
"[25, 25, 25]",25,15,0.01,3.31942,0.96502,1,3.31884,0.000354284,3.31884,0.000354284,8.88178e-16,0.000585792
"[25, 25, 25]",25,15,0.05,3.31942,0.96502,0.999979,3.31884,0.000354284,3.31884,0.000354284,8.88178e-16,0.000585792
"[25, 25, 25]",25,15,0.1,3.31942,0.96502,0.999709,3.31884,0.000354284,3.31884,0.000354284,8.88178e-16,0.000585792
"[25, 25, 25]",25,15,0.2,3.31942,0.96502,0.982605,3.31884,0.000354284,3.31818,0.000124923,0.000659798,0.00124559
"[25, 25, 25]",25,15,0.3,3.31942,0.96502,0.934594,3.31884,0.000354284,3.31489,0.00295488,0.00394349,0.00452928
"[25, 25, 25]",25,15,0.4,3.31942,0.96502,0.852659,3.31884,0.000354284,3.30368,0.00700634,0.0151521,0.0157379
"[25, 25, 25]",25,15,0.5,3.31942,0.96502,0.734676,3.31884,0.000354284,3.27611,0.0138667,0.0427304,0.0433162
"[25, 25, 25]",25,15,0.6,3.31942,0.96502,0.607567,3.31884,0.000354284,3.22845,0.0212233,0.0903887,0.0909745
"[25, 25, 25]",25,15,0.7,3.31942,0.96502,0.489913,3.31884,0.000354284,3.15347,0.0304264,0.165363,0.165949
"[25, 25, 25]",25,15,0.8,3.31942,0.96502,0.40194,3.31884,0.000354284,3.07228,0.0455624,0.246559,0.247145
"[25, 25, 25]",25,15,0.9,3.31942,0.96502,0.343883,3.31884,0.000354284,3.00068,0.0647795,0.318157,0.318743
"[25, 25, 25]",25,15,1,3.31942,0.96502,0.308704,3.31884,0.000354284,2.94754,0.0782552,0.371301,0.371887
"[25, 25, 25]",25,15,1.5,3.31942,0.96502,0.280987,3.31884,0.000354284,2.89677,0.10318,0.422067,0.422653
"[25, 25, 25]",25,15,2,3.31942,0.96502,0.280987,3.31884,0.000354284,2.89677,0.10318,0.422067,0.422653
"[25, 25, 25]",25,20,0,3.31942,0.97908,1,3.31926,0.000167332,3.31926,0.000167332,-8.88178e-16,0.00016
"[25, 25, 25]",25,20,0.01,3.31942,0.97908,1,3.31926,0.000167332,3.31926,0.000167332,-8.88178e-16,0.00016
"[25, 25, 25]",25,20,0.05,3.31942,0.97908,0.999979,3.31926,0.000167332,3.31926,0.000167332,0,0.00016
"[25, 25, 25]",25,20,0.1,3.31942,0.97908,0.999549,3.31926,0.000167332,3.31922,0.000141421,4e-05,0.0002
"[25, 25, 25]",25,20,0.2,3.31942,0.97908,0.987027,3.31926,0.000167332,3.31894,0.000438178,0.00032,0.00048
"[25, 25, 25]",25,20,0.3,3.31942,0.97908,0.94796,3.31926,0.000167332,3.31732,0.00230081,0.00194568,0.00210568
"[25, 25, 25]",25,20,0.4,3.31942,0.97908,0.877797,3.31926,0.000167332,3.31065,0.00721101,0.00861265,0.00877265
"[25, 25, 25]",25,20,0.5,3.31942,0.97908,0.775071,3.31926,0.000167332,3.29274,0.0207365,0.0265246,0.0266846
"[25, 25, 25]",25,20,0.6,3.31942,0.97908,0.656586,3.31926,0.000167332,3.25367,0.0438415,0.0655935,0.0657535
"[25, 25, 25]",25,20,0.7,3.31942,0.97908,0.544736,3.31926,0.000167332,3.19663,0.0677824,0.122635,0.122795
"[25, 25, 25]",25,20,0.8,3.31942,0.97908,0.45339,3.31926,0.000167332,3.12362,0.0945956,0.19564,0.1958
"[25, 25, 25]",25,20,0.9,3.31942,0.97908,0.389327,3.31926,0.000167332,3.05069,0.11498,0.268569,0.268729
"[25, 25, 25]",25,20,1,3.31942,0.97908,0.349187,3.31926,0.000167332,2.99016,0.133005,0.329098,0.329258
"[25, 25, 25]",25,20,1.5,3.31942,0.97908,0.313988,3.31926,0.000167332,2.92336,0.166502,0.395902,0.396062
"[25, 25, 25]",25,20,2,3.31942,0.97908,0.313988,3.31926,0.000167332,2.92336,0.166502,0.395902,0.396062
"[50, 50, 50]",50,2,0,3.31942,0.31718,1,2.28183,0.0295901,2.28183,0.0295901,-8.88178e-16,1.03759
"[50, 50, 50]",50,2,0.01,3.31942,0.31718,0.99803,2.28183,0.0295901,2.28077,0.0310042,0.00105839,1.03865
"[50, 50, 50]",50,2,0.05,3.31942,0.31718,0.908176,2.28183,0.0295901,2.23045,0.0298603,0.0513806,1.08897
"[50, 50, 50]",50,2,0.1,3.31942,0.31718,0.716664,2.28183,0.0295901,2.10724,0.0351728,0.17459,1.21218
"[50, 50, 50]",50,2,0.2,3.31942,0.31718,0.442514,2.28183,0.0295901,1.89754,0.0418627,0.384296,1.42189
"[50, 50, 50]",50,2,0.3,3.31942,0.31718,0.315403,2.28183,0.0295901,1.78189,0.0394175,0.499942,1.53753
"[50, 50, 50]",50,2,0.4,3.31942,0.31718,0.263514,2.28183,0.0295901,1.72371,0.0412565,0.558122,1.59571
"[50, 50, 50]",50,2,0.5,3.31942,0.31718,0.237024,2.28183,0.0295901,1.69285,0.0394355,0.588978,1.62657
"[50, 50, 50]",50,2,0.6,3.31942,0.31718,0.226907,2.28183,0.0295901,1.67983,0.0394765,0.602002,1.63959
"[50, 50, 50]",50,2,0.7,3.31942,0.31718,0.222365,2.28183,0.0295901,1.67409,0.0396771,0.607744,1.64534
"[50, 50, 50]",50,2,0.8,3.31942,0.31718,0.22092,2.28183,0.0295901,1.67209,0.039301,0.609741,1.64733
"[50, 50, 50]",50,2,0.9,3.31942,0.31718,0.22041,2.28183,0.0295901,1.67124,0.0397452,0.610594,1.64818
"[50, 50, 50]",50,2,1,3.31942,0.31718,0.220281,2.28183,0.0295901,1.67096,0.0399242,0.610867,1.64846
"[50, 50, 50]",50,2,1.5,3.31942,0.31718,0.22016,2.28183,0.0295901,1.67075,0.0396241,0.611078,1.64867
"[50, 50, 50]",50,2,2,3.31942,0.31718,0.22016,2.28183,0.0295901,1.67075,0.0396241,0.611078,1.64867
"[50, 50, 50]",50,3,0,3.31942,0.82586,1,3.14169,0.0132828,3.14169,0.0132828,2.22045e-15,0.177735
"[50, 50, 50]",50,3,0.01,3.31942,0.82586,1,3.14169,0.0132828,3.14169,0.0132828,2.22045e-15,0.177735
"[50, 50, 50]",50,3,0.05,3.31942,0.82586,0.976081,3.14169,0.0132828,3.12055,0.0186939,0.0211391,0.198874
"[50, 50, 50]",50,3,0.1,3.31942,0.82586,0.890843,3.14169,0.0132828,3.04178,0.0217464,0.0999039,0.277639
"[50, 50, 50]",50,3,0.2,3.31942,0.82586,0.68015,3.14169,0.0132828,2.81195,0.0327909,0.329738,0.507473
"[50, 50, 50]",50,3,0.3,3.31942,0.82586,0.522544,3.14169,0.0132828,2.60137,0.0391208,0.540321,0.718056
"[50, 50, 50]",50,3,0.4,3.31942,0.82586,0.425267,3.14169,0.0132828,2.44848,0.0485385,0.693209,0.870944
"[50, 50, 50]",50,3,0.5,3.31942,0.82586,0.371037,3.14169,0.0132828,2.35573,0.0494829,0.785961,0.963696
"[50, 50, 50]",50,3,0.6,3.31942,0.82586,0.342904,3.14169,0.0132828,2.29939,0.0523216,0.842299,1.02003
"[50, 50, 50]",50,3,0.7,3.31942,0.82586,0.328577,3.14169,0.0132828,2.26717,0.0561217,0.874518,1.05225
"[50, 50, 50]",50,3,0.8,3.31942,0.82586,0.322305,3.14169,0.0132828,2.25121,0.0576505,0.89048,1.06822
"[50, 50, 50]",50,3,0.9,3.31942,0.82586,0.319471,3.14169,0.0132828,2.24388,0.0592012,0.89781,1.07554
"[50, 50, 50]",50,3,1,3.31942,0.82586,0.318021,3.14169,0.0132828,2.24031,0.0578204,0.901375,1.07911
"[50, 50, 50]",50,3,1.5,3.31942,0.82586,0.317273,3.14169,0.0132828,2.23793,0.058915,0.903757,1.08149
"[50, 50, 50]",50,3,2,3.31942,0.82586,0.317273,3.14169,0.0132828,2.23793,0.058915,0.903757,1.08149
"[50, 50, 50]",50,4,0,3.31942,0.95978,1,3.30014,0.0029063,3.30014,0.0029063,8.88178e-16,0.0192791
"[50, 50, 50]",50,4,0.01,3.31942,0.95978,1,3.30014,0.0029063,3.30014,0.0029063,8.88178e-16,0.0192791
"[50, 50, 50]",50,4,0.05,3.31942,0.95978,0.995305,3.30014,0.0029063,3.2976,0.00399103,0.00254117,0.0218203
"[50, 50, 50]",50,4,0.1,3.31942,0.95978,0.967399,3.30014,0.0029063,3.28156,0.00823396,0.0185843,0.0378634
"[50, 50, 50]",50,4,0.2,3.31942,0.95978,0.860519,3.30014,0.0029063,3.20468,0.0240336,0.0954647,0.114744
"[50, 50, 50]",50,4,0.3,3.31942,0.95978,0.733997,3.30014,0.0029063,3.08864,0.0357807,0.211506,0.230785
"[50, 50, 50]",50,4,0.4,3.31942,0.95978,0.630647,3.30014,0.0029063,2.98207,0.0394168,0.318069,0.337348
"[50, 50, 50]",50,4,0.5,3.31942,0.95978,0.56254,3.30014,0.0029063,2.89946,0.0356747,0.400681,0.41996
"[50, 50, 50]",50,4,0.6,3.31942,0.95978,0.523727,3.30014,0.0029063,2.84593,0.0301356,0.45421,0.473489
"[50, 50, 50]",50,4,0.7,3.31942,0.95978,0.503276,3.30014,0.0029063,2.81561,0.0303087,0.484536,0.503815
"[50, 50, 50]",50,4,0.8,3.31942,0.95978,0.494014,3.30014,0.0029063,2.7992,0.033645,0.500942,0.520222
"[50, 50, 50]",50,4,0.9,3.31942,0.95978,0.490391,3.30014,0.0029063,2.79217,0.0344804,0.507972,0.527251
"[50, 50, 50]",50,4,1,3.31942,0.95978,0.488872,3.30014,0.0029063,2.78884,0.0351086,0.511303,0.530582
"[50, 50, 50]",50,4,1.5,3.31942,0.95978,0.48835,3.30014,0.0029063,2.78771,0.0350726,0.512437,0.531716
"[50, 50, 50]",50,4,2,3.31942,0.95978,0.48835,3.30014,0.0029063,2.78771,0.0350726,0.512437,0.531716
"[50, 50, 50]",50,5,0,3.31942,0.98684,1,3.31736,0.0017317,3.31736,0.0017317,-8.88178e-16,0.00206039
"[50, 50, 50]",50,5,0.01,3.31942,0.98684,1,3.31736,0.0017317,3.31736,0.0017317,-8.88178e-16,0.00206039
"[50, 50, 50]",50,5,0.05,3.31942,0.98684,0.999068,3.31736,0.0017317,3.31728,0.00169668,8e-05,0.00214039
"[50, 50, 50]",50,5,0.1,3.31942,0.98684,0.988422,3.31736,0.0017317,3.31562,0.00207744,0.00174039,0.00380078
"[50, 50, 50]",50,5,0.2,3.31942,0.98684,0.942756,3.31736,0.0017317,3.29994,0.0023557,0.017421,0.0194814
"[50, 50, 50]",50,5,0.3,3.31942,0.98684,0.868866,3.31736,0.0017317,3.26622,0.00972572,0.0511373,0.0531977
"[50, 50, 50]",50,5,0.4,3.31942,0.98684,0.790687,3.31736,0.0017317,3.21905,0.0189885,0.0983075,0.100368
"[50, 50, 50]",50,5,0.5,3.31942,0.98684,0.730767,3.31736,0.0017317,3.17607,0.0296807,0.141296,0.143356
"[50, 50, 50]",50,5,0.6,3.31942,0.98684,0.693548,3.31736,0.0017317,3.14355,0.0374747,0.173814,0.175875
"[50, 50, 50]",50,5,0.7,3.31942,0.98684,0.676255,3.31736,0.0017317,3.12575,0.0436522,0.191612,0.193672
"[50, 50, 50]",50,5,0.8,3.31942,0.98684,0.668025,3.31736,0.0017317,3.11634,0.0473064,0.201023,0.203083
"[50, 50, 50]",50,5,0.9,3.31942,0.98684,0.665572,3.31736,0.0017317,3.11371,0.0487848,0.203653,0.205714
"[50, 50, 50]",50,5,1,3.31942,0.98684,0.664618,3.31736,0.0017317,3.11264,0.0492756,0.204726,0.206786
"[50, 50, 50]",50,5,1.5,3.31942,0.98684,0.664334,3.31736,0.0017317,3.11232,0.0494656,0.205041,0.207101
"[50, 50, 50]",50,5,2,3.31942,0.98684,0.664334,3.31736,0.0017317,3.11232,0.0494656,0.205041,0.207101
"[50, 50, 50]",50,10,0,3.31942,0.99824,1,3.31942,0,3.31942,0,0,4.44089e-16
"[50, 50, 50]",50,10,0.01,3.31942,0.99824,1,3.31942,0,3.31942,0,0,4.44089e-16
"[50, 50, 50]",50,10,0.05,3.31942,0.99824,0.99998,3.31942,0,3.31942,0,0,4.44089e-16
"[50, 50, 50]",50,10,0.1,3.31942,0.99824,0.999198,3.31942,0,3.31942,0,0,4.44089e-16
"[50, 50, 50]",50,10,0.2,3.31942,0.99824,0.990822,3.31942,0,3.31938,8.94427e-05,4e-05,4e-05
"[50, 50, 50]",50,10,0.3,3.31942,0.99824,0.971125,3.31942,0,3.3193,0.000109545,0.00012,0.00012
"[50, 50, 50]",50,10,0.4,3.31942,0.99824,0.941649,3.31942,0,3.31791,0.000591876,0.0015102,0.0015102
"[50, 50, 50]",50,10,0.5,3.31942,0.99824,0.907204,3.31942,0,3.31504,0.00214351,0.00438117,0.00438117
"[50, 50, 50]",50,10,0.6,3.31942,0.99824,0.875987,3.31942,0,3.31005,0.00440959,0.00937243,0.00937243
"[50, 50, 50]",50,10,0.7,3.31942,0.99824,0.85597,3.31942,0,3.30582,0.00645262,0.0136026,0.0136026
"[50, 50, 50]",50,10,0.8,3.31942,0.99824,0.846052,3.31942,0,3.30305,0.00705013,0.0163691,0.0163691
"[50, 50, 50]",50,10,0.9,3.31942,0.99824,0.842426,3.31942,0,3.30157,0.00747378,0.0178517,0.0178517
"[50, 50, 50]",50,10,1,3.31942,0.99824,0.841304,3.31942,0,3.30113,0.00753629,0.0182942,0.0182942
"[50, 50, 50]",50,10,1.5,3.31942,0.99824,0.840984,3.31942,0,3.30098,0.007635,0.0184381,0.0184381
"[50, 50, 50]",50,10,2,3.31942,0.99824,0.840984,3.31942,0,3.30098,0.007635,0.0184381,0.0184381
"[50, 50, 50]",50,15,0,3.31942,0.99926,1,3.31942,0,3.31942,0,0,4.44089e-16
"[50, 50, 50]",50,15,0.01,3.31942,0.99926,1,3.31942,0,3.31942,0,0,4.44089e-16
"[50, 50, 50]",50,15,0.05,3.31942,0.99926,1,3.31942,0,3.31942,0,0,4.44089e-16
"[50, 50, 50]",50,15,0.1,3.31942,0.99926,0.99962,3.31942,0,3.31942,0,0,4.44089e-16
"[50, 50, 50]",50,15,0.2,3.31942,0.99926,0.993876,3.31942,0,3.31942,0,0,4.44089e-16
"[50, 50, 50]",50,15,0.3,3.31942,0.99926,0.978945,3.31942,0,3.31938,8.94427e-05,4e-05,4e-05
"[50, 50, 50]",50,15,0.4,3.31942,0.99926,0.953828,3.31942,0,3.31922,0.0002,0.0002,0.0002
"[50, 50, 50]",50,15,0.5,3.31942,0.99926,0.923167,3.31942,0,3.31821,0.0011128,0.00121059,0.00121059
"[50, 50, 50]",50,15,0.6,3.31942,0.99926,0.891366,3.31942,0,3.31542,0.00292846,0.00400608,0.00400608
"[50, 50, 50]",50,15,0.7,3.31942,0.99926,0.86655,3.31942,0,3.31135,0.00544254,0.00807058,0.00807058
"[50, 50, 50]",50,15,0.8,3.31942,0.99926,0.852221,3.31942,0,3.30666,0.0088033,0.0127595,0.0127595
"[50, 50, 50]",50,15,0.9,3.31942,0.99926,0.845877,3.31942,0,3.30394,0.0103389,0.0154777,0.0154777
"[50, 50, 50]",50,15,1,3.31942,0.99926,0.844216,3.31942,0,3.30297,0.0107596,0.0164555,0.0164555
"[50, 50, 50]",50,15,1.5,3.31942,0.99926,0.843796,3.31942,0,3.30243,0.0109627,0.0169881,0.0169881
"[50, 50, 50]",50,15,2,3.31942,0.99926,0.843796,3.31942,0,3.30243,0.0109627,0.0169881,0.0169881
"[50, 50, 50]",50,20,0,3.31942,0.9995,1,3.31942,0,3.31942,0,0,4.44089e-16
"[50, 50, 50]",50,20,0.01,3.31942,0.9995,1,3.31942,0,3.31942,0,0,4.44089e-16
"[50, 50, 50]",50,20,0.05,3.31942,0.9995,1,3.31942,0,3.31942,0,0,4.44089e-16
"[50, 50, 50]",50,20,0.1,3.31942,0.9995,0.99986,3.31942,0,3.31942,0,0,4.44089e-16
"[50, 50, 50]",50,20,0.2,3.31942,0.9995,0.997519,3.31942,0,3.31942,0,0,4.44089e-16
"[50, 50, 50]",50,20,0.3,3.31942,0.9995,0.988654,3.31942,0,3.31938,8.94427e-05,4e-05,4e-05
"[50, 50, 50]",50,20,0.4,3.31942,0.9995,0.968984,3.31942,0,3.31938,8.94427e-05,4e-05,4e-05
"[50, 50, 50]",50,20,0.5,3.31942,0.9995,0.94055,3.31942,0,3.31922,0.000141421,0.0002,0.0002
"[50, 50, 50]",50,20,0.6,3.31942,0.9995,0.904812,3.31942,0,3.31752,0.00109856,0.00190147,0.00190147
"[50, 50, 50]",50,20,0.7,3.31942,0.9995,0.875117,3.31942,0,3.31494,0.00201188,0.00448431,0.00448431
"[50, 50, 50]",50,20,0.8,3.31942,0.9995,0.856488,3.31942,0,3.31041,0.0038876,0.00901398,0.00901398
"[50, 50, 50]",50,20,0.9,3.31942,0.9995,0.848545,3.31942,0,3.30774,0.00533592,0.0116837,0.0116837
"[50, 50, 50]",50,20,1,3.31942,0.9995,0.845864,3.31942,0,3.30578,0.00646106,0.0136423,0.0136423
"[50, 50, 50]",50,20,1.5,3.31942,0.9995,0.845543,3.31942,0,3.30545,0.00664176,0.0139729,0.0139729
"[50, 50, 50]",50,20,2,3.31942,0.9995,0.845543,3.31942,0,3.30545,0.00664176,0.0139729,0.0139729
"[7, 7, 7]",7,2,0,3.31942,0.01234,1,1.39602,0.0612766,1.39602,0.0612766,4.44089e-16,1.9234
"[7, 7, 7]",7,2,0.01,3.31942,0.01234,0.994175,1.39602,0.0612766,1.396,0.0613309,2.85735e-05,1.92343
"[7, 7, 7]",7,2,0.05,3.31942,0.01234,0.977215,1.39602,0.0612766,1.39551,0.0618867,0.000508961,1.92391
"[7, 7, 7]",7,2,0.1,3.31942,0.01234,0.939011,1.39602,0.0612766,1.39167,0.0622224,0.00434933,1.92775
"[7, 7, 7]",7,2,0.2,3.31942,0.01234,0.832759,1.39602,0.0612766,1.37061,0.0618625,0.0254133,1.94881
"[7, 7, 7]",7,2,0.3,3.31942,0.01234,0.674606,1.39602,0.0612766,1.34705,0.0533263,0.0489776,1.97238
"[7, 7, 7]",7,2,0.4,3.31942,0.01234,0.534695,1.39602,0.0612766,1.30331,0.0306654,0.0927101,2.01611
"[7, 7, 7]",7,2,0.5,3.31942,0.01234,0.432214,1.39602,0.0612766,1.26571,0.0208142,0.130311,2.05371
"[7, 7, 7]",7,2,0.6,3.31942,0.01234,0.34759,1.39602,0.0612766,1.21335,0.056976,0.182676,2.10607
"[7, 7, 7]",7,2,0.7,3.31942,0.01234,0.297775,1.39602,0.0612766,1.19049,0.0705319,0.205537,2.12894
"[7, 7, 7]",7,2,0.8,3.31942,0.01234,0.24979,1.39602,0.0612766,1.16228,0.0775868,0.23374,2.15714
"[7, 7, 7]",7,2,0.9,3.31942,0.01234,0.223405,1.39602,0.0612766,1.16096,0.0706021,0.235064,2.15846
"[7, 7, 7]",7,2,1,3.31942,0.01234,0.208215,1.39602,0.0612766,1.10777,0.0946951,0.288254,2.21165
"[7, 7, 7]",7,2,1.5,3.31942,0.01234,0.170726,1.39602,0.0612766,1.06946,0.115409,0.326561,2.24996
"[7, 7, 7]",7,2,2,3.31942,0.01234,0.170726,1.39602,0.0612766,1.06946,0.115409,0.326561,2.24996
"[7, 7, 7]",7,3,0,3.31942,0.02802,1,1.54771,0.107436,1.54771,0.107436,2.22045e-16,1.77171
"[7, 7, 7]",7,3,0.01,3.31942,0.02802,1,1.54771,0.107436,1.54771,0.107436,2.22045e-16,1.77171
"[7, 7, 7]",7,3,0.05,3.31942,0.02802,0.991395,1.54771,0.107436,1.54709,0.107747,0.000620327,1.77233
"[7, 7, 7]",7,3,0.1,3.31942,0.02802,0.960478,1.54771,0.107436,1.54056,0.11552,0.00715616,1.77886
"[7, 7, 7]",7,3,0.2,3.31942,0.02802,0.855721,1.54771,0.107436,1.52443,0.111994,0.0232841,1.79499
"[7, 7, 7]",7,3,0.3,3.31942,0.02802,0.705412,1.54771,0.107436,1.49152,0.111696,0.0561983,1.82791
"[7, 7, 7]",7,3,0.4,3.31942,0.02802,0.564821,1.54771,0.107436,1.44752,0.110584,0.100197,1.87191
"[7, 7, 7]",7,3,0.5,3.31942,0.02802,0.428804,1.54771,0.107436,1.38132,0.124551,0.166398,1.93811
"[7, 7, 7]",7,3,0.6,3.31942,0.02802,0.319753,1.54771,0.107436,1.33295,0.119811,0.214768,1.98648
"[7, 7, 7]",7,3,0.7,3.31942,0.02802,0.251169,1.54771,0.107436,1.26722,0.127622,0.28049,2.0522
"[7, 7, 7]",7,3,0.8,3.31942,0.02802,0.199806,1.54771,0.107436,1.17726,0.130401,0.37045,2.14216
"[7, 7, 7]",7,3,0.9,3.31942,0.02802,0.166843,1.54771,0.107436,1.10457,0.152015,0.443145,2.21485
"[7, 7, 7]",7,3,1,3.31942,0.02802,0.142449,1.54771,0.107436,1.04623,0.213922,0.501481,2.27319
"[7, 7, 7]",7,3,1.5,3.31942,0.02802,0.0816417,1.54771,0.107436,0.913724,0.256485,0.63399,2.4057
"[7, 7, 7]",7,3,2,3.31942,0.02802,0.0755858,1.54771,0.107436,0.903465,0.267596,0.64425,2.41596
"[7, 7, 7]",7,4,0,3.31942,0.04732,1,1.80001,0.129818,1.80001,0.129818,2.22045e-16,1.51941
"[7, 7, 7]",7,4,0.01,3.31942,0.04732,1,1.80001,0.129818,1.80001,0.129818,2.22045e-16,1.51941
"[7, 7, 7]",7,4,0.05,3.31942,0.04732,0.996259,1.80001,0.129818,1.79983,0.129781,0.000179682,1.51959
"[7, 7, 7]",7,4,0.1,3.31942,0.04732,0.981748,1.80001,0.129818,1.79794,0.129246,0.00207222,1.52149
"[7, 7, 7]",7,4,0.2,3.31942,0.04732,0.901831,1.80001,0.129818,1.77898,0.122103,0.0210302,1.54044
"[7, 7, 7]",7,4,0.3,3.31942,0.04732,0.739033,1.80001,0.129818,1.73524,0.106527,0.0647689,1.58418
"[7, 7, 7]",7,4,0.4,3.31942,0.04732,0.576991,1.80001,0.129818,1.6782,0.0899293,0.121806,1.64122
"[7, 7, 7]",7,4,0.5,3.31942,0.04732,0.426523,1.80001,0.129818,1.60039,0.0848711,0.199624,1.71904
"[7, 7, 7]",7,4,0.6,3.31942,0.04732,0.313875,1.80001,0.129818,1.483,0.0831629,0.317008,1.83642
"[7, 7, 7]",7,4,0.7,3.31942,0.04732,0.235206,1.80001,0.129818,1.40408,0.0719241,0.395934,1.91535
"[7, 7, 7]",7,4,0.8,3.31942,0.04732,0.177961,1.80001,0.129818,1.32477,0.0771881,0.47524,1.99465
"[7, 7, 7]",7,4,0.9,3.31942,0.04732,0.138668,1.80001,0.129818,1.24904,0.0906635,0.550971,2.07038
"[7, 7, 7]",7,4,1,3.31942,0.04732,0.111242,1.80001,0.129818,1.15459,0.11349,0.645416,2.16483
"[7, 7, 7]",7,4,1.5,3.31942,0.04732,0.0630533,1.80001,0.129818,1.04845,0.111764,0.751556,2.27097
"[7, 7, 7]",7,4,2,3.31942,0.04732,0.0602757,1.80001,0.129818,1.04809,0.111993,0.751916,2.27133
"[7, 7, 7]",7,5,0,3.31942,0.08194,1,2.13429,0.133463,2.13429,0.133463,0,1.18513
"[7, 7, 7]",7,5,0.01,3.31942,0.08194,1,2.13429,0.133463,2.13429,0.133463,0,1.18513
"[7, 7, 7]",7,5,0.05,3.31942,0.08194,1,2.13429,0.133463,2.13429,0.133463,0,1.18513
"[7, 7, 7]",7,5,0.1,3.31942,0.08194,0.999679,2.13429,0.133463,2.13429,0.133463,0,1.18513
"[7, 7, 7]",7,5,0.2,3.31942,0.08194,0.936999,2.13429,0.133463,2.11549,0.13814,0.018806,1.20393
"[7, 7, 7]",7,5,0.3,3.31942,0.08194,0.738579,2.13429,0.133463,2.04702,0.140259,0.0872755,1.2724
"[7, 7, 7]",7,5,0.4,3.31942,0.08194,0.539236,2.13429,0.133463,1.95148,0.129983,0.182818,1.36795
"[7, 7, 7]",7,5,0.5,3.31942,0.08194,0.39658,2.13429,0.133463,1.83623,0.166407,0.29806,1.48319
"[7, 7, 7]",7,5,0.6,3.31942,0.08194,0.28921,2.13429,0.133463,1.72246,0.184983,0.411837,1.59696
"[7, 7, 7]",7,5,0.7,3.31942,0.08194,0.214684,2.13429,0.133463,1.6226,0.189308,0.511694,1.69682
"[7, 7, 7]",7,5,0.8,3.31942,0.08194,0.162163,2.13429,0.133463,1.52502,0.187165,0.609275,1.7944
"[7, 7, 7]",7,5,0.9,3.31942,0.08194,0.121241,2.13429,0.133463,1.44465,0.21861,0.689641,1.87477
"[7, 7, 7]",7,5,1,3.31942,0.08194,0.0953436,2.13429,0.133463,1.38702,0.232844,0.747274,1.9324
"[7, 7, 7]",7,5,1.5,3.31942,0.08194,0.0438997,2.13429,0.133463,1.22451,0.310572,0.909786,2.09491
"[7, 7, 7]",7,5,2,3.31942,0.08194,0.0408595,2.13429,0.133463,1.21893,0.312178,0.915369,2.1005
"[7, 7, 7]",7,10,0,3.31942,0.12178,0.999523,2.26311,0.0826576,2.26311,0.0826576,0,1.05631
"[7, 7, 7]",7,10,0.01,3.31942,0.12178,0.999523,2.26311,0.0826576,2.26311,0.0826576,0,1.05631
"[7, 7, 7]",7,10,0.05,3.31942,0.12178,0.998173,2.26311,0.0826576,2.2631,0.0826552,1.31004e-05,1.05632
"[7, 7, 7]",7,10,0.1,3.31942,0.12178,0.989638,2.26311,0.0826576,2.26276,0.082856,0.000347878,1.05666
"[7, 7, 7]",7,10,0.2,3.31942,0.12178,0.948229,2.26311,0.0826576,2.25332,0.088581,0.00979484,1.06611
"[7, 7, 7]",7,10,0.3,3.31942,0.12178,0.825839,2.26311,0.0826576,2.2051,0.0944842,0.0580111,1.11432
"[7, 7, 7]",7,10,0.4,3.31942,0.12178,0.662711,2.26311,0.0826576,2.10887,0.104391,0.154237,1.21055
"[7, 7, 7]",7,10,0.5,3.31942,0.12178,0.504132,2.26311,0.0826576,1.99061,0.0932899,0.272503,1.32881
"[7, 7, 7]",7,10,0.6,3.31942,0.12178,0.377833,2.26311,0.0826576,1.84128,0.116358,0.421834,1.47815
"[7, 7, 7]",7,10,0.7,3.31942,0.12178,0.276948,2.26311,0.0826576,1.73087,0.108389,0.532241,1.58855
"[7, 7, 7]",7,10,0.8,3.31942,0.12178,0.208003,2.26311,0.0826576,1.60093,0.125766,0.662182,1.71849
"[7, 7, 7]",7,10,0.9,3.31942,0.12178,0.155675,2.26311,0.0826576,1.45126,0.189897,0.811854,1.86817
"[7, 7, 7]",7,10,1,3.31942,0.12178,0.117222,2.26311,0.0826576,1.36979,0.20079,0.893326,1.94964
"[7, 7, 7]",7,10,1.5,3.31942,0.12178,0.0443452,2.26311,0.0826576,1.17548,0.255588,1.08763,2.14394
"[7, 7, 7]",7,10,2,3.31942,0.12178,0.0367539,2.26311,0.0826576,1.15991,0.253143,1.1032,2.15951
"[7, 7, 7]",7,15,0,3.31942,0.12462,0.999417,2.26329,0.105745,2.26321,0.105794,7.80027e-05,1.05622
"[7, 7, 7]",7,15,0.01,3.31942,0.12462,0.999417,2.26329,0.105745,2.26321,0.105794,7.80027e-05,1.05622
"[7, 7, 7]",7,15,0.05,3.31942,0.12462,0.996496,2.26329,0.105745,2.26321,0.105794,7.80027e-05,1.05622
"[7, 7, 7]",7,15,0.1,3.31942,0.12462,0.993972,2.26329,0.105745,2.26312,0.105817,0.000163236,1.0563
"[7, 7, 7]",7,15,0.2,3.31942,0.12462,0.939138,2.26329,0.105745,2.25098,0.0970402,0.0123082,1.06845
"[7, 7, 7]",7,15,0.3,3.31942,0.12462,0.808805,2.26329,0.105745,2.19865,0.0647719,0.0646311,1.12077
"[7, 7, 7]",7,15,0.4,3.31942,0.12462,0.619048,2.26329,0.105745,2.08234,0.0797746,0.180943,1.23708
"[7, 7, 7]",7,15,0.5,3.31942,0.12462,0.454664,2.26329,0.105745,1.95178,0.0870124,0.311503,1.36764
"[7, 7, 7]",7,15,0.6,3.31942,0.12462,0.321873,2.26329,0.105745,1.81407,0.141593,0.449218,1.50536
"[7, 7, 7]",7,15,0.7,3.31942,0.12462,0.230207,2.26329,0.105745,1.68811,0.156708,0.575179,1.63132
"[7, 7, 7]",7,15,0.8,3.31942,0.12462,0.162785,2.26329,0.105745,1.57856,0.139474,0.684722,1.74086
"[7, 7, 7]",7,15,0.9,3.31942,0.12462,0.120264,2.26329,0.105745,1.48623,0.153741,0.777052,1.83319
"[7, 7, 7]",7,15,1,3.31942,0.12462,0.0919409,2.26329,0.105745,1.42394,0.181017,0.839341,1.89548
"[7, 7, 7]",7,15,1.5,3.31942,0.12462,0.0368079,2.26329,0.105745,1.17984,0.217403,1.08345,2.13959
"[7, 7, 7]",7,15,2,3.31942,0.12462,0.0335503,2.26329,0.105745,1.17222,0.222931,1.09107,2.1472
"[7, 7, 7]",7,20,0,3.31942,0.10302,1,2.26929,0.202805,2.26929,0.202805,8.88178e-16,1.05014
"[7, 7, 7]",7,20,0.01,3.31942,0.10302,1,2.26929,0.202805,2.26929,0.202805,8.88178e-16,1.05014
"[7, 7, 7]",7,20,0.05,3.31942,0.10302,0.999638,2.26929,0.202805,2.26909,0.20252,0.000194707,1.05033
"[7, 7, 7]",7,20,0.1,3.31942,0.10302,0.997737,2.26929,0.202805,2.26888,0.202434,0.000408561,1.05055
"[7, 7, 7]",7,20,0.2,3.31942,0.10302,0.947292,2.26929,0.202805,2.25336,0.201403,0.0159212,1.06606
"[7, 7, 7]",7,20,0.3,3.31942,0.10302,0.826675,2.26929,0.202805,2.21661,0.190592,0.0526727,1.10281
"[7, 7, 7]",7,20,0.4,3.31942,0.10302,0.614384,2.26929,0.202805,2.07677,0.226449,0.192513,1.24265
"[7, 7, 7]",7,20,0.5,3.31942,0.10302,0.436075,2.26929,0.202805,1.92273,0.235752,0.346554,1.39669
"[7, 7, 7]",7,20,0.6,3.31942,0.10302,0.298802,2.26929,0.202805,1.77603,0.258926,0.49326,1.5434
"[7, 7, 7]",7,20,0.7,3.31942,0.10302,0.205601,2.26929,0.202805,1.6095,0.300143,0.659781,1.70992
"[7, 7, 7]",7,20,0.8,3.31942,0.10302,0.142899,2.26929,0.202805,1.45528,0.314722,0.814003,1.86414
"[7, 7, 7]",7,20,0.9,3.31942,0.10302,0.102848,2.26929,0.202805,1.31753,0.335924,0.951755,2.00189
"[7, 7, 7]",7,20,1,3.31942,0.10302,0.0773545,2.26929,0.202805,1.21063,0.404193,1.05866,2.10879
"[7, 7, 7]",7,20,1.5,3.31942,0.10302,0.0282124,2.26929,0.202805,1.00077,0.46227,1.26851,2.31865
"[7, 7, 7]",7,20,2,3.31942,0.10302,0.0257202,2.26929,0.202805,0.996785,0.464641,1.2725,2.32264
