dataset,arch_str,condition,protocol,labels,N,H_Y_bits,accuracy,rho,plug_in_bits,miller_madow_bits,epsilon,plug_in_func_bits,miller_madow_func_bits,rho_func,n_seeds
composite,"[25, 25, 25]",clean,heldout,true_labels,2000,2.63892,0.9952,0.3037,2.53532,1.22304,0.3,2.36185,1.86758,0.377112,5
composite,"[5, 5, 5]",clean,heldout,true_labels,2000,2.63892,0.9791,0.0296,1.94853,1.82259,0.3,1.8285,1.73328,0.764767,5
composite,"[25, 25, 25]",clean,insample,true_labels,10000,2.63892,0.99598,0.10386,2.51483,2.06575,0.3,2.34308,2.20977,0.296121,5
composite,"[5, 5, 5]",clean,insample,true_labels,10000,2.63892,0.97882,0.00684,1.93866,1.90948,0.3,1.82308,1.80256,0.703922,5
wbc,"[25, 25, 25]",clean,heldout,true_labels,114,0.949452,0.97193,0.9,0.949452,0.306567,0.3,0.884782,0.407681,0.745474,5
wbc,"[5, 5, 5]",clean,heldout,true_labels,114,0.949452,0.973684,0.184211,0.767214,0.640661,0.3,0.700357,0.615567,0.679985,5
wbc,"[25, 25, 25]",clean,insample,true_labels,569,0.952635,0.978207,0.741301,0.918807,0.38534,0.3,0.853984,0.504086,0.658306,5
wbc,"[5, 5, 5]",clean,insample,true_labels,569,0.952635,0.976801,0.0681898,0.764841,0.71692,0.3,0.703967,0.672273,0.663653,5
composite,"[25, 25, 25]",permuted,heldout,true_labels,2000,2.63892,0.1588,0.2453,2.43286,1.37334,0.3,2.32878,1.64148,0.645363,5
composite,"[5, 5, 5]",permuted,heldout,true_labels,2000,2.63892,0.1955,0.0224,1.41081,1.31602,0.3,1.09613,1.03121,0.655617,5
wbc,"[25, 25, 25]",permuted,heldout,true_labels,114,0.949452,0.633333,0.933333,0.945943,0.279013,0.3,0.931908,0.323192,0.909905,5
wbc,"[5, 5, 5]",permuted,heldout,true_labels,114,0.949452,0.624561,0.210526,0.468859,0.323324,0.3,0.294663,0.184563,0.709421,5
composite,"[25, 25, 25]",permuted,insample,true_labels,10000,2.63892,0.16578,0.08628,2.40158,2.02858,0.3,2.30197,2.09682,0.547597,5
composite,"[5, 5, 5]",permuted,insample,true_labels,10000,2.63892,0.1966,0.00546,1.40505,1.38185,0.3,1.08663,1.07104,0.642182,5
wbc,"[25, 25, 25]",permuted,insample,true_labels,569,0.952635,0.629525,0.826011,0.921677,0.327104,0.3,0.884021,0.386304,0.827559,5
wbc,"[5, 5, 5]",permuted,insample,true_labels,569,0.952635,0.625659,0.0920914,0.402626,0.337464,0.3,0.245548,0.19712,0.694246,5
composite,"[25, 25, 25]",permuted,train,true_labels,8000,2.63892,0.167525,0.102,2.4042,1.96327,0.3,2.30391,2.05731,0.556997,5
composite,"[5, 5, 5]",permuted,train,true_labels,8000,2.63892,0.196875,0.0067,1.40823,1.37978,0.3,1.09056,1.0713,0.644324,5
wbc,"[25, 25, 25]",permuted,train,true_labels,455,0.953416,0.628571,0.838242,0.925766,0.322687,0.3,0.889333,0.382963,0.830855,5
wbc,"[5, 5, 5]",permuted,train,true_labels,455,0.953416,0.625934,0.105495,0.410566,0.336053,0.3,0.253113,0.197625,0.69567,5
composite,"[25, 25, 25]",permuted,train,train_labels,8000,2.63892,0.22495,0.102,0.391661,-0.0492623,0.3,0.227324,-0.0192686,0.556997,5
composite,"[5, 5, 5]",permuted,train,train_labels,8000,2.63892,0.208275,0.0067,0.0268992,-0.00155794,0.3,0.01853,-0.000730028,0.644324,5
wbc,"[25, 25, 25]",permuted,train,train_labels,455,0.953416,0.655824,0.838242,0.792967,0.189889,0.3,0.648047,0.141677,0.830855,5
wbc,"[5, 5, 5]",permuted,train,train_labels,455,0.953416,0.627692,0.105495,0.108366,0.033853,0.3,0.078601,0.0231127,0.69567,5
