dataset,arch_str,target_dim,layer,protocol,N,num_regions,rho,singleton_region_frac,singleton_sample_frac,rho_std
composite,"[25, 25, 25, 25, 25]",-1,5,heldout,2000,822.2,0.4111,0.539746,0.2223,0.0250534
composite,"[25, 25, 25]",-1,3,heldout,2000,607.4,0.3037,0.437805,0.1332,0.0112339
composite,"[5, 5, 5, 5, 5]",-1,5,heldout,2000,108.2,0.0541,0.138449,0.0091,0.0228703
composite,"[5, 5, 5]",-1,3,heldout,2000,59.2,0.0296,0.123334,0.0039,0.0103162
composite,"[9, 9, 9, 9, 9]",-1,5,heldout,2000,294.2,0.1471,0.291437,0.0441,0.0265528
composite,"[9, 9, 9]",-1,3,heldout,2000,128.4,0.0642,0.132738,0.0086,0.0107273
mnist,"[15, 15, 15]",2,3,heldout,10000,488.4,0.04884,0.155616,0.00764,0.0067129
mnist,"[15, 15, 15]",3,3,heldout,10000,1953.8,0.19538,0.372637,0.07312,0.0243092
mnist,"[15, 15, 15]",4,3,heldout,10000,3420.4,0.34204,0.540736,0.18532,0.0254173
mnist,"[15, 15, 15]",5,3,heldout,10000,5177.6,0.51776,0.661164,0.34286,0.0283569
mnist,"[15, 15, 15]",10,3,heldout,10000,7425.8,0.74258,0.834148,0.61962,0.0188416
mnist,"[15, 15, 15]",15,3,heldout,10000,7736.2,0.77362,0.861948,0.66708,0.0215981
mnist,"[15, 15, 15]",20,3,heldout,10000,7826.2,0.78262,0.869985,0.68154,0.0338495
mnist,"[25, 25, 25]",2,3,heldout,10000,1237.6,0.12376,0.247104,0.03088,0.0172926
mnist,"[25, 25, 25]",3,3,heldout,10000,4520.6,0.45206,0.581755,0.26344,0.0271553
mnist,"[25, 25, 25]",4,3,heldout,10000,7342.2,0.73422,0.803481,0.59026,0.0276841
mnist,"[25, 25, 25]",5,3,heldout,10000,8742.6,0.87426,0.904129,0.79054,0.0138341
mnist,"[25, 25, 25]",10,3,heldout,10000,9536,0.9536,0.973055,0.92792,0.00654102
mnist,"[25, 25, 25]",15,3,heldout,10000,9650.2,0.96502,0.978298,0.94412,0.0117816
mnist,"[25, 25, 25]",20,3,heldout,10000,9790.8,0.97908,0.984711,0.96418,0.0118031
mnist,"[3, 3, 3]",10,3,heldout,10000,36.4,0.00364,0.113151,0.0005,0.00155499
mnist,"[5, 5, 5]",10,3,heldout,10000,303.2,0.03032,0.227342,0.00706,0.00973483
mnist,"[50, 50, 50]",2,3,heldout,10000,3171.8,0.31718,0.450891,0.1431,0.0140391
mnist,"[50, 50, 50]",3,3,heldout,10000,8258.6,0.82586,0.85956,0.70992,0.00894108
mnist,"[50, 50, 50]",4,3,heldout,10000,9597.8,0.95978,0.967729,0.92882,0.0054669
mnist,"[50, 50, 50]",5,3,heldout,10000,9868.4,0.98684,0.98903,0.97602,0.00288843
mnist,"[50, 50, 50]",10,3,heldout,10000,9982.4,0.99824,0.998457,0.9967,0.000901665
mnist,"[50, 50, 50]",15,3,heldout,10000,9992.6,0.99926,0.999299,0.99856,0.000397492
mnist,"[50, 50, 50]",20,3,heldout,10000,9995,0.9995,0.99956,0.99906,0.000187083
mnist,"[7, 7, 7]",2,3,heldout,10000,123.4,0.01234,0.0829472,0.001,0.00175585
mnist,"[7, 7, 7]",3,3,heldout,10000,280.2,0.02802,0.164703,0.0048,0.012252
mnist,"[7, 7, 7]",4,3,heldout,10000,473.2,0.04732,0.249941,0.012,0.00970783
mnist,"[7, 7, 7]",5,3,heldout,10000,819.4,0.08194,0.301727,0.02502,0.025105
mnist,"[7, 7, 7]",10,3,heldout,10000,1217.8,0.12178,0.437311,0.05338,0.0142231
mnist,"[7, 7, 7]",15,3,heldout,10000,1246.2,0.12462,0.42215,0.05256,0.0106907
mnist,"[7, 7, 7]",20,3,heldout,10000,1030.2,0.10302,0.379137,0.03976,0.0299372
wbc,"[25, 25, 25, 25, 25]",-1,5,heldout,114,109.6,0.961404,0.970188,0.933333,0.0331714
wbc,"[25, 25, 25]",-1,3,heldout,114,102.6,0.9,0.931216,0.840351,0.0634375
wbc,"[5, 5, 5, 5, 5]",-1,5,heldout,114,23,0.201754,0.530087,0.110526,0.0841374
wbc,"[5, 5, 5]",-1,3,heldout,114,21,0.184211,0.438375,0.0807018,0.0255744
wbc,"[9, 9, 9, 9, 9]",-1,5,heldout,114,64,0.561404,0.704529,0.398246,0.113866
wbc,"[9, 9, 9]",-1,3,heldout,114,41,0.359649,0.627114,0.229825,0.0952875
composite,"[25, 25, 25, 25, 25]",-1,5,insample,10000,1633.2,0.16332,0.327318,0.05352,0.0104311
composite,"[25, 25, 25]",-1,3,insample,10000,1038.6,0.10386,0.247324,0.02576,0.00608999
composite,"[5, 5, 5, 5, 5]",-1,5,insample,10000,133.2,0.01332,0.0929535,0.00132,0.00586916
composite,"[5, 5, 5]",-1,3,insample,10000,68.4,0.00684,0.075264,0.0005,0.00237339
composite,"[9, 9, 9, 9, 9]",-1,5,insample,10000,425.6,0.04256,0.15445,0.007,0.0100548
composite,"[9, 9, 9]",-1,3,insample,10000,156.6,0.01566,0.0894822,0.00142,0.00310612
wbc,"[25, 25, 25, 25, 25]",-1,5,insample,569,508.4,0.893497,0.934298,0.836204,0.0591383
wbc,"[25, 25, 25]",-1,3,insample,569,421.8,0.741301,0.859589,0.638313,0.0780779
wbc,"[5, 5, 5, 5, 5]",-1,5,insample,569,57.2,0.100527,0.509293,0.0516696,0.0430203
wbc,"[5, 5, 5]",-1,3,insample,569,38.8,0.0681898,0.391245,0.0267135,0.0129981
wbc,"[9, 9, 9, 9, 9]",-1,5,insample,569,179.8,0.315993,0.625527,0.19754,0.0781965
wbc,"[9, 9, 9]",-1,3,insample,569,106.2,0.186643,0.546315,0.104394,0.0585978
